Country,Year,stress
Paraguay,1990,1
Canada,2010,1
Denmark,1985,6
Greece,1990,1
Lebanon,1985,1
Kazakhstan,1995,6
Guyana,1970,1
Somalia,1995,1
Somalia,1990,1
Switzerland,2000,1
Barbados,1970,1
'Costa Rica',2015,1
Haiti,1985,1
'Trinidad and Tobago',2010,1
'Sri Lanka',2010,1
Botswana,1985,1
Grenada,1985,1
Maldives,1990,1
Poland,2015,3
Algeria,2005,3
'Syrian Arab Republic',1960,1
'Brunei Darussalam',1995,1
'Burkina Faso',2005,1
'United Kingdom',2015,1
Switzerland,2015,1
Iceland,2015,1
Seychelles,1990,1
Cuba,1960,1
Greece,1980,1
Dominica,1980,1
Argentina,1975,1
Cuba,1970,1
Philippines,1965,1
'United Kingdom',1995,1
Iraq,1965,3
Cuba,2005,1
Zimbabwe,1970,1
'Democratic Republic of the Congo',1980,1
Luxembourg,1965,1
France,1960,1
'Burkina Faso',1980,1
'Lao Peoples Democratic Republic',1995,1
'United Republic of Tanzania',1960,1
Netherlands,1960,1
France,2010,3
Latvia,2000,1
Nicaragua,2010,1
Iceland,2010,1
Nicaragua,1960,1
Honduras,2005,1
Chad,2010,1
'Viet Nam',1995,1
'Saint Lucia',1970,1
Gabon,1990,1
Afghanistan,2010,1
Mexico,1970,1
Greece,1975,1
Kenya,1975,1
Cameroon,1975,1
'Dominican Republic',1995,1
Uruguay,2005,1
'The former Yugoslav Republic of Macedonia',2010,1
Romania,1975,1
India,1965,1
Nigeria,1970,1
'Venezuela (Bolivarian Republic of)',2000,1
Thailand,1985,1
Namibia,1960,1
Maldives,1975,1
Madagascar,2015,1
Kyrgyzstan,1990,3
Iceland,1985,1
'Saint Kitts and Nevis',1975,1
Argentina,1970,1
Denmark,1960,3
Turkmenistan,2015,6
Turkey,1995,1
Kuwait,2010,4
Canada,1980,1
'Antigua and Barbuda',2010,1
Gabon,2000,1
Ecuador,1975,1
Chile,1995,1
Cyprus,1995,3
Benin,1975,1
Australia,1965,1
Malaysia,1960,1
Togo,1965,1
Sweden,1975,1
Turkey,1985,1
'The former Yugoslav Republic of Macedonia',1995,3
Grenada,1970,1
'Dominican Republic',2005,3
Ecuador,1980,1
Rwanda,1980,1
'Viet Nam',2005,1
Namibia,1980,1
Canada,1960,1
Slovenia,2015,1
'United Arab Emirates',2015,4
Libya,1965,4
Swaziland,1975,3
Mozambique,1965,1
Portugal,1990,1
'Democratic Republic of the Congo',1995,1
Panama,1975,1
'Republic of Korea',1985,1
'New Zealand',1960,1
'Sierra Leone',1995,1
'Antigua and Barbuda',2000,1
Nepal,1970,1
Chad,1965,1
'New Zealand',1985,1
Mauritania,2010,1
Dominica,1995,1
Senegal,2010,1
'Saint Vincent and the Grenadines',2015,1
Argentina,2005,1
Belgium,1975,1
Colombia,2010,1
Malawi,2010,1
'Syrian Arab Republic',2015,2
Cameroon,1960,1
Cambodia,1970,1
'Bolivia (Plurinational State of)',1960,1
Guyana,1980,1
'Viet Nam',1975,1
Israel,2000,4
Benin,1990,1
Libya,1985,4
Gabon,1970,1
'United States of America',1960,1
France,1985,3
Cambodia,2010,1
Switzerland,1985,1
Denmark,1975,3
Mali,1960,1
Oman,2000,4
Croatia,2015,1
Canada,2015,1
Argentina,1960,1
'Papua New Guinea',2015,1
Morocco,1965,3
'Viet Nam',1960,1
Belize,1980,1
Mauritius,2015,1
Bahrain,1975,1
Uruguay,1970,1
Madagascar,2005,1
India,1985,3
Israel,1980,4
Libya,1990,4
Barbados,1980,1
Malta,1970,1
Nepal,1975,1
'Democratic Peoples Republic of Korea',1990,1
Barbados,1960,3
Jamaica,1970,1
'Bolivia (Plurinational State of)',1990,1
Netherlands,1975,1
'Cabo Verde',2005,1
Zimbabwe,2010,1
France,1990,3
'Cote dIvoire',2000,1
Rwanda,1990,1
Tajikistan,1990,6
'Democratic Peoples Republic of Korea',2005,1
'Democratic Peoples Republic of Korea',2000,1
Barbados,2015,3
Czechia,2015,3
Paraguay,1970,1
Ecuador,1970,1
Djibouti,1985,1
'Democratic Republic of the Congo',1965,1
Fiji,2015,1
Jamaica,2015,1
'Saint Kitts and Nevis',2010,1
Suriname,2010,1
Malaysia,1995,1
Cyprus,1980,3
'Lao Peoples Democratic Republic',1980,1
'Central African Republic',2015,1
'Republic of Moldova',2000,1
'Trinidad and Tobago',1995,1
'Saint Lucia',1980,1
Bangladesh,1965,1
'Saudi Arabia',1995,4
Monaco,1995,1
Czechia,1995,3
Oman,2015,6
Denmark,1990,6
Cambodia,1965,1
Belgium,1985,3
Ghana,1960,1
Mongolia,1960,1
Nigeria,1985,1
Brazil,1990,1
Bahrain,2015,6
Kuwait,1985,4
'Occupied Palestinian Territory',2015,1
Japan,1975,1
Cambodia,1960,1
Zambia,1985,1
Niger,1985,1
Belize,1970,1
Finland,1980,1
Romania,2005,1
Nepal,1960,1
Liberia,2005,1
Israel,1975,4
Panama,2010,1
'Viet Nam',1965,1
Greece,1960,1
Uruguay,1960,1
Ireland,1965,1
'Dominican Republic',1990,1
'Democratic Peoples Republic of Korea',1965,1
Niger,1990,1
Uruguay,1995,1
'Bolivia (Plurinational State of)',1985,1
Madagascar,1975,1
Albania,1975,1
'Lao Peoples Democratic Republic',1985,1
Niger,2005,1
'United States of America',1965,1
Malta,1985,3
China,1990,3
Guinea-Bissau,1965,1
Lesotho,2000,1
Afghanistan,1975,1
Montenegro,2010,1
Ecuador,2010,1
Nicaragua,2015,1
Qatar,1975,4
Libya,1975,4
Chad,1960,1
Pakistan,2015,6
Philippines,2010,3
Mozambique,1985,1
Singapore,1970,1
Lithuania,1990,1
Botswana,1975,1
Australia,2010,1
Djibouti,1960,1
Panama,1995,1
Nepal,1965,1
Djibouti,1975,1
'Bolivia (Plurinational State of)',2015,1
'El Salvador',2000,1
Myanmar,1965,1
'Burkina Faso',2010,1
Niger,1995,1
Mali,2015,1
Guinea-Bissau,2000,1
Angola,1975,1
Mexico,1980,1
'Equatorial Guinea',2015,1
Uganda,1960,1
Comoros,1965,1
'Lao Peoples Democratic Republic',1960,1
'Iran (Islamic Republic of)',1970,1
'Republic of Moldova',2010,1
Qatar,1980,4
'Viet Nam',1980,1
Rwanda,1995,1
'Costa Rica',1990,1
Cameroon,1995,1
Denmark,2010,3
Grenada,2015,1
'Brunei Darussalam',2015,1
'Central African Republic',1970,1
'Burkina Faso',1965,1
Japan,1965,1
Zambia,1995,1
'El Salvador',1995,1
Portugal,1960,1
Fiji,2010,1
Netherlands,2005,3
Zimbabwe,1990,1
Madagascar,1970,1
Montenegro,2015,1
Guinea-Bissau,2015,1
Pakistan,1990,5
Senegal,1975,1
Romania,1980,1
Spain,1960,1
Jamaica,1975,1
Jordan,1965,1
Mozambique,1975,1
Turkey,1990,3
Luxembourg,2005,1
Uganda,1995,1
'Cabo Verde',1990,1
'Central African Republic',1990,1
Congo,2005,1
Lebanon,1980,1
Singapore,1990,1
Hungary,2015,1
Indonesia,2010,1
Austria,2010,1
Djibouti,1965,1
Philippines,1990,1
Gambia,1980,1
Nicaragua,1985,1
Afghanistan,1970,1
'Costa Rica',2000,1
'Saint Vincent and the Grenadines',1965,1
Belgium,1995,2
'Brunei Darussalam',2000,1
Monaco,2010,1
Jamaica,1965,1
Poland,1975,6
Kenya,2005,1
Uganda,1980,1
Austria,2005,1
Timor-Leste,2010,1
China,1960,1
Netherlands,1970,1
Zimbabwe,2005,3
Turkey,1975,1
Slovenia,1995,1
'South Africa',2005,3
Togo,2010,1
Guyana,1965,1
Malaysia,1985,1
Chad,2000,1
Benin,2000,1
Argentina,1995,1
Luxembourg,1975,1
'Republic of Korea',1990,6
Bahrain,1965,1
'Costa Rica',1960,1
Congo,2000,1
Comoros,1970,1
'Costa Rica',1995,1
Guinea-Bissau,2010,1
Belize,2015,1
Hungary,2010,1
'Saint Lucia',1985,1
Afghanistan,2000,6
Egypt,2015,2
'South Africa',1965,1
Grenada,1975,1
'Russian Federation',2010,1
'Cabo Verde',1995,1
Greece,1970,1
Ghana,2015,1
'Saint Kitts and Nevis',2000,1
Kuwait,2005,4
Poland,1960,3
Congo,1960,1
Kuwait,1965,2
Mozambique,2000,1
'Trinidad and Tobago',2015,1
Hungary,1990,1
'Dominican Republic',1980,1
Argentina,1990,1
Austria,2015,1
Rwanda,1985,1
Algeria,1970,3
Chile,2005,1
'Venezuela (Bolivarian Republic of)',1970,1
Egypt,1990,6
Suriname,2000,1
Chile,1990,1
Albania,2000,1
Barbados,1995,4
Mali,1985,1
Suriname,1990,1
Latvia,1990,1
'Venezuela (Bolivarian Republic of)',1960,1
Burundi,1980,1
Canada,1985,1
Singapore,1960,1
'Costa Rica',1965,1
Belgium,1970,1
'Lao Peoples Democratic Republic',2010,1
Iraq,1995,2
Guinea-Bissau,1995,1
Uzbekistan,1995,4
Austria,1960,1
Paraguay,1960,1
Guinea,1995,1
'Russian Federation',1995,1
Pakistan,1975,5
Austria,2000,1
'Saint Vincent and the Grenadines',1980,1
Chad,1980,1
Jordan,1960,1
Timor-Leste,1995,1
Oman,1970,1
Hungary,1975,1
Belize,1975,1
Benin,1995,1
Mexico,1960,1
Kyrgyzstan,2015,1
Israel,2005,4
Fiji,1970,1
'United Republic of Tanzania',2010,1
Italy,2005,1
Angola,1965,1
'Cabo Verde',1970,1
'Lao Peoples Democratic Republic',1990,1
'Puerto Rico',1985,1
Fiji,2005,1
Benin,2010,1
Chad,2005,1
'Burkina Faso',2000,1
Australia,1960,1
Ghana,1990,1
'Brunei Darussalam',1975,1
'Costa Rica',1970,1
Thailand,1970,1
Iraq,1975,6
Estonia,1995,1
Slovakia,1995,1
Niger,2000,1
Thailand,1995,1
Monaco,2015,1
Australia,1970,1
Portugal,2010,1
Iceland,1995,1
'Papua New Guinea',2000,1
'Cabo Verde',2010,1
Spain,2015,6
Uganda,1975,1
'Papua New Guinea',1975,1
Chile,1985,1
Turkey,1980,1
Myanmar,1995,1
'New Zealand',2005,1
'Central African Republic',2010,1
Italy,1960,1
Albania,1960,1
'Sri Lanka',2015,1
Nepal,2000,1
Bhutan,2000,1
'Syrian Arab Republic',1975,3
'Puerto Rico',1965,1
'Russian Federation',2000,1
Suriname,1995,1
Morocco,1980,6
Uganda,2010,1
Brazil,2010,1
Namibia,2000,1
Qatar,2015,4
Gambia,2015,1
Burundi,1960,1
Malaysia,1990,1
Afghanistan,1985,6
Algeria,1985,3
Mauritius,1970,1
Netherlands,1995,1
Canada,1975,1
Cameroon,2005,1
Iceland,1965,1
Somalia,2015,1
Paraguay,1965,1
Cuba,1975,1
Nigeria,2010,1
Tunisia,2005,6
Cuba,1965,1
Nigeria,1975,1
Cameroon,1985,1
Singapore,1980,1
'Saint Vincent and the Grenadines',2000,1
'Venezuela (Bolivarian Republic of)',2010,1
Gambia,2010,1
Somalia,1980,1
Oman,1960,1
Guinea-Bissau,1990,1
'Antigua and Barbuda',1990,1
'Iran (Islamic Republic of)',1975,6
Chile,1960,1
Malawi,1975,1
'Sierra Leone',1975,1
Italy,1985,1
'Democratic Peoples Republic of Korea',1995,1
'Puerto Rico',1980,1
Iceland,2000,1
'Brunei Darussalam',1980,1
Bhutan,1985,1
Brazil,2015,1
Portugal,1970,1
'Papua New Guinea',1990,1
Guyana,2010,1
Malawi,2000,1
Mali,1980,1
'Saudi Arabia',1980,4
'Occupied Palestinian Territory',1965,1
Benin,1980,1
Spain,1990,6
Burundi,2000,1
Guatemala,2000,1
Australia,1990,1
Belgium,1980,2
Ireland,1985,1
China,1965,1
Spain,2010,6
Uzbekistan,2000,4
Gabon,1985,1
Tunisia,1985,2
'Venezuela (Bolivarian Republic of)',2015,1
Poland,1980,6
Netherlands,1980,1
'Lao Peoples Democratic Republic',2015,1
Liberia,2010,1
'Costa Rica',2005,1
Lithuania,2010,1
Armenia,2010,6
Estonia,1990,3
Eritrea,2010,1
Yemen,1990,4
Netherlands,2010,3
Myanmar,1970,1
India,2005,3
Kuwait,2000,4
'Syrian Arab Republic',2005,4
'South Africa',1975,1
Nepal,2010,1
Denmark,2015,3
Niger,1980,1
Guatemala,1980,1
Pakistan,1980,3
Poland,1995,6
Poland,1985,6
Portugal,1965,1
Bangladesh,1985,1
'United Republic of Tanzania',1995,1
Haiti,1990,1
Iceland,1990,1
Indonesia,2015,1
Ghana,1965,1
Singapore,1975,3
Djibouti,1970,1
Peru,1990,1
'Syrian Arab Republic',2000,4
Egypt,2000,4
Switzerland,1965,1
Turkmenistan,2010,6
Cuba,1995,1
'Sri Lanka',1985,1
Dominica,2005,1
'Lao Peoples Democratic Republic',1965,1
Norway,2000,1
Jordan,2000,4
Somalia,1970,1
Mali,1965,1
Malta,2015,6
Chile,2010,1
Tunisia,1975,3
Swaziland,2000,3
Liberia,1985,1
Turkey,1965,1
Italy,1980,1
Zimbabwe,1995,1
'Trinidad and Tobago',1980,1
Iceland,1980,1
Oman,1975,1
Pakistan,1985,3
Bhutan,2005,1
Jordan,1975,2
Bhutan,1975,1
Luxembourg,2000,1
'United Arab Emirates',1980,4
Colombia,1970,1
Yemen,1965,1
Ghana,2005,1
Bangladesh,1970,1
Mexico,1985,1
'Saudi Arabia',1965,3
Zambia,2010,1
Slovenia,2000,1
Pakistan,1965,1
'Iran (Islamic Republic of)',2000,5
'Democratic Peoples Republic of Korea',2010,1
Lebanon,2000,3
Germany,1985,1
Yemen,1960,1
'United States of America',1980,3
Ethiopia,2010,1
Brazil,1960,1
Bahrain,2005,4
'Saint Vincent and the Grenadines',2005,1
'Saint Kitts and Nevis',1970,1
'Syrian Arab Republic',1980,3
Maldives,1965,1
Lebanon,1995,3
Mauritania,1975,1
Luxembourg,1985,1
Belgium,2005,6
Spain,1970,6
Singapore,2010,1
Greece,2015,1
Mexico,2010,3
Oman,2010,6
Netherlands,1985,1
'South Sudan',2010,1
Lesotho,1960,1
'United Republic of Tanzania',2000,1
Comoros,2010,1
Malaysia,1980,1
Qatar,2005,4
Nicaragua,1995,1
Uruguay,2010,1
Sweden,2005,1
Paraguay,2010,1
Fiji,1975,1
Barbados,1985,1
Indonesia,1975,1
Tunisia,2010,5
Jamaica,2005,1
'Antigua and Barbuda',1960,1
Colombia,1975,1
Finland,1965,1
Myanmar,1985,1
Monaco,2000,1
Guinea-Bissau,1970,1
Mauritius,1995,3
'Saint Lucia',2005,1
'El Salvador',1980,1
Seychelles,2000,1
Spain,1985,6
Cambodia,1990,1
Iraq,2005,3
Angola,1985,1
Hungary,1995,1
Guinea,1965,1
Oman,1995,3
Spain,1995,6
Belgium,1960,1
'Dominican Republic',2015,6
Lithuania,2015,1
Germany,1965,1
'Papua New Guinea',1980,1
Angola,1995,1
'Democratic Republic of the Congo',1975,1
'Iran (Islamic Republic of)',1980,1
Oman,1990,4
Jordan,2010,4
Cyprus,1965,1
Lebanon,1970,1
Mauritius,2000,3
Germany,2000,6
Germany,1960,1
'The former Yugoslav Republic of Macedonia',2000,1
Monaco,1990,1
'Occupied Palestinian Territory',1975,1
Turkmenistan,2000,4
Dominica,1975,1
Ghana,1970,1
Haiti,2000,1
'Equatorial Guinea',1990,1
Iceland,1975,1
Sweden,2000,1
Belgium,2000,2
Lesotho,1975,1
Cambodia,2005,1
Burundi,1985,1
Peru,2000,1
Namibia,1985,1
Swaziland,1970,1
Togo,1985,1
Namibia,2010,1
Comoros,2000,1
Namibia,1975,1
Morocco,1960,1
Lithuania,2005,1
Indonesia,2005,1
Denmark,1970,3
Bulgaria,2010,6
'Saint Vincent and the Grenadines',2010,1
Australia,1980,1
Madagascar,1985,1
Nicaragua,1965,1
Namibia,1990,1
Kyrgyzstan,2000,6
Kenya,1970,1
Myanmar,1980,1
Comoros,1960,1
Colombia,1960,1
Albania,1965,1
'Syrian Arab Republic',1970,1
Guinea,2005,1
Botswana,1970,1
Cuba,2000,1
'New Zealand',1990,1
France,1965,1
France,2015,3
Seychelles,1980,1
Mongolia,2015,1
Greece,1965,1
Liberia,1960,1
Qatar,1990,4
Rwanda,2010,1
Slovakia,2015,1
Guatemala,2005,1
Cyprus,2005,3
Morocco,2015,6
Zambia,2005,1
Mongolia,1990,1
Finland,1975,1
Singapore,2015,1
Jamaica,1980,1
Portugal,1975,1
Ireland,1980,1
Burundi,2015,1
Israel,1995,4
'Bolivia (Plurinational State of)',2005,1
'Russian Federation',2015,1
Uganda,1970,1
Mongolia,2000,1
Iceland,1960,1
Bahrain,1985,3
Israel,1990,4
Togo,2005,1
Morocco,1985,6
Argentina,1965,1
'El Salvador',2015,1
Haiti,1995,1
'Saint Lucia',1990,1
Serbia,2010,1
'South Africa',1970,1
Senegal,1965,1
Haiti,1970,1
Paraguay,1995,1
Cyprus,1970,1
Belize,2010,1
Turkmenistan,2005,4
Egypt,2005,2
'Sierra Leone',1980,1
Mexico,1995,1
Lesotho,1970,1
Tunisia,1990,5
Botswana,2015,1
Mongolia,1995,1
Senegal,1970,1
Lesotho,1990,1
Grenada,1980,1
Comoros,2015,1
Albania,2010,1
Sudan,2015,1
'New Zealand',2015,1
Portugal,2015,1
Japan,2010,3
'Antigua and Barbuda',1975,1
Australia,2005,1
Norway,1970,1
Seychelles,2015,1
Belarus,2005,1
Timor-Leste,1980,1
Somalia,2010,1
Malawi,2015,1
Barbados,2010,3
Mexico,2005,3
Poland,1970,3
Myanmar,1975,1
Panama,1970,1
Mozambique,2005,1
'Dominican Republic',1970,1
Colombia,2005,1
Brazil,1975,1
Jamaica,1985,1
Lebanon,1990,1
Chile,2000,1
Suriname,2015,1
Mexico,2000,3
'United States of America',1970,1
Suriname,1970,1
Lesotho,2005,1
Ecuador,2005,1
Guinea-Bissau,1985,1
Switzerland,1980,1
Albania,1990,1
'United Arab Emirates',1970,4
Namibia,1965,1
Mozambique,1980,1
Barbados,1990,1
Uzbekistan,2010,6
'Burkina Faso',1995,1
Estonia,2005,3
Hungary,2005,1
Egypt,1975,4
Turkmenistan,1990,4
Timor-Leste,2000,1
Kyrgyzstan,1995,6
France,1980,3
Nepal,1995,1
'Saint Vincent and the Grenadines',1990,1
'United Kingdom',1985,1
Colombia,2015,1
Bangladesh,2015,1
Honduras,1990,1
'Occupied Palestinian Territory',1980,1
Kenya,2010,1
Bulgaria,2015,6
Maldives,1960,1
'The former Yugoslav Republic of Macedonia',2015,1
Philippines,1985,1
Australia,2015,1
'El Salvador',2010,1
'Cabo Verde',1975,1
Ghana,2000,1
Haiti,1980,1
Norway,1995,1
Benin,1960,1
Botswana,1995,1
Germany,2010,6
India,1960,1
Romania,2010,1
Finland,2000,1
'New Zealand',1980,1
Dominica,2000,1
'Iran (Islamic Republic of)',2010,6
'United Arab Emirates',2005,4
Seychelles,1985,1
'Bolivia (Plurinational State of)',1975,1
Oman,1985,3
Singapore,1985,1
Togo,1995,1
'Puerto Rico',2005,3
China,2000,3
'Cote dIvoire',2010,1
Burundi,1965,1
Timor-Leste,1990,1
'Brunei Darussalam',1960,1
Germany,1970,1
'Saint Kitts and Nevis',1980,1
Kuwait,1975,4
Slovakia,2010,1
Peru,1975,1
Panama,1990,1
Myanmar,2000,1
Djibouti,2005,1
Oman,1980,1
Bahrain,1960,1
Norway,1980,1
Guatemala,1965,1
Zambia,1970,1
Burundi,1975,1
'Sri Lanka',1990,3
Peru,2010,1
Myanmar,2015,1
Bhutan,1995,1
Australia,1985,1
Ukraine,1990,3
'South Africa',1985,1
'Saudi Arabia',1975,5
Japan,1970,1
Bulgaria,2005,6
Switzerland,1975,1
'United Arab Emirates',1990,4
Philippines,1970,1
Pakistan,2010,5
Georgia,2005,1
Sweden,1965,1
Bangladesh,1975,1
Grenada,1990,1
Guinea,1985,1
Djibouti,1990,1
Chile,1980,1
Japan,1990,3
'Costa Rica',2010,1
Bhutan,1960,1
'Democratic Republic of the Congo',2015,1
Seychelles,1960,1
'Equatorial Guinea',2000,1
Jordan,2015,4
Ecuador,1985,1
'Republic of Korea',2015,3
Japan,1995,3
Swaziland,1960,1
Guinea-Bissau,2005,1
Morocco,2000,2
Azerbaijan,2005,6
Qatar,1970,2
Uruguay,2015,1
Slovenia,2010,1
Guinea,1975,1
Haiti,2010,1
Burundi,1990,1
Ireland,1970,1
Netherlands,1965,1
Guatemala,2015,1
Fiji,1995,1
Finland,1960,1
Bahrain,2000,6
'Cote dIvoire',1970,1
Thailand,1990,1
Mauritania,2000,1
Nigeria,1995,1
'Republic of Korea',2005,6
India,1970,1
'Sri Lanka',1975,1
Swaziland,2010,1
Malta,1990,3
'Republic of Korea',1970,1
Rwanda,2005,1
Cyprus,1985,3
Togo,2000,1
Bahrain,1990,4
'Bolivia (Plurinational State of)',1980,1
Georgia,2015,1
Kazakhstan,2005,3
Tajikistan,1995,2
Fiji,1960,1
Iraq,1990,6
'Saint Kitts and Nevis',1985,1
Uganda,1965,1
Kazakhstan,2015,1
Guinea-Bissau,1980,1
Belize,1995,1
Madagascar,1960,1
Iraq,1960,3
Burundi,1970,1
Singapore,2000,1
Uruguay,1980,1
Peru,1960,1
Zambia,1965,1
Honduras,2010,1
Zambia,1990,1
Somalia,2005,3
Senegal,2015,1
Bangladesh,2000,1
'United Arab Emirates',1985,4
Angola,2005,1
Chad,1970,1
Benin,2015,1
'Occupied Palestinian Territory',1960,1
Algeria,2015,6
Indonesia,1985,1
'United States of America',1995,1
Mexico,1965,1
'El Salvador',1990,1
Czechia,2010,3
'Equatorial Guinea',1980,1
'Brunei Darussalam',1970,1
'Antigua and Barbuda',1970,1
Hungary,1970,1
Senegal,1990,1
Cuba,1980,1
Algeria,1980,3
Benin,1970,1
Somalia,1985,1
'Central African Republic',2000,1
Norway,2010,1
India,1975,3
Armenia,2000,3
Thailand,2015,1
'Cabo Verde',1960,1
Zimbabwe,1960,1
Gambia,1975,1
Timor-Leste,1960,1
Namibia,1995,1
Tajikistan,2005,2
Germany,1990,6
'United Republic of Tanzania',1965,1
Uzbekistan,2015,6
Sweden,2010,1
Spain,1980,6
Afghanistan,1980,1
Liberia,2015,1
Israel,1965,5
Mexico,1975,1
Fiji,1980,1
Seychelles,2005,1
Croatia,2005,1
Algeria,1990,6
Liberia,1975,1
Niger,1975,1
Paraguay,2015,1
'Antigua and Barbuda',1995,1
France,1970,1
Japan,1960,1
Switzerland,1995,1
'Saint Vincent and the Grenadines',1985,1
Qatar,1960,3
Suriname,2005,1
Maldives,2015,1
Rwanda,1970,1
Ireland,2015,1
'Lao Peoples Democratic Republic',1970,1
Norway,1975,1
'Antigua and Barbuda',2015,1
Sweden,1995,1
Brazil,1980,1
Finland,1990,1
Romania,2015,1
Paraguay,1980,1
'Republic of Korea',1995,6
Ukraine,2000,1
Spain,2000,6
Ukraine,1995,1
Finland,2010,1
Malta,2000,2
Chad,1975,1
'South Africa',2015,6
Brazil,2000,1
Uruguay,1965,1
'Cote dIvoire',1960,1
'Cote dIvoire',2005,1
'Sri Lanka',1960,1
'United States of America',2015,1
Burundi,2010,1
Nigeria,2000,1
Algeria,2000,2
Ireland,1960,1
Libya,2010,4
'United Kingdom',1965,1
Cuba,2010,1
Rwanda,1965,1
'Papua New Guinea',1970,1
Denmark,2000,3
Jordan,1985,4
Australia,2000,1
'Sri Lanka',2005,3
Chile,1970,1
Norway,2015,1
Togo,1970,1
Namibia,2015,1
Belize,1985,1
Lebanon,2010,1
Mauritius,2010,1
Cyprus,2015,3
'The former Yugoslav Republic of Macedonia',1990,3
'United Kingdom',1975,1
'Puerto Rico',1990,1
Malta,1975,1
Philippines,1980,1
'Puerto Rico',1995,1
Cameroon,1970,1
Honduras,1980,1
Mozambique,2010,1
Portugal,1985,1
Haiti,2015,1
Sweden,1985,1
Austria,1995,1
Ecuador,1960,1
Guinea,2010,1
Seychelles,1970,1
'Democratic Peoples Republic of Korea',2015,1
'Brunei Darussalam',1985,1
Estonia,2000,1
Albania,1995,1
Switzerland,1960,1
'Antigua and Barbuda',1985,1
Croatia,1990,1
Myanmar,1960,1
Turkey,2005,3
'Trinidad and Tobago',2005,1
'Saint Lucia',1975,1
Congo,1995,1
Italy,2015,1
Afghanistan,2015,1
Jamaica,2000,1
Lithuania,1995,3
Spain,1975,6
'Venezuela (Bolivarian Republic of)',1980,1
Tunisia,1970,3
Thailand,1980,1
'Cote dIvoire',1965,1
'Lao Peoples Democratic Republic',2005,1
Mexico,1990,1
Denmark,1980,3
Panama,1960,1
France,2005,3
'Saint Kitts and Nevis',2015,1
'Syrian Arab Republic',1985,3
Qatar,2000,4
Hungary,1980,1
'United Arab Emirates',1960,1
Iraq,2000,5
Haiti,2005,1
Rwanda,2000,1
Fiji,1985,1
Gabon,1960,1
Ukraine,2010,1
Liberia,1995,1
Honduras,2015,1
Mauritius,1985,1
Panama,2015,1
Panama,1980,1
Congo,2010,1
'Iran (Islamic Republic of)',1960,1
Spain,1965,3
Portugal,2000,3
'Saint Vincent and the Grenadines',1970,1
Rwanda,2015,1
'Occupied Palestinian Territory',2000,3
Oman,2005,4
Kuwait,2015,4
'South Africa',1980,1
'Venezuela (Bolivarian Republic of)',1965,1
Togo,1990,1
Lebanon,2005,3
'Equatorial Guinea',1975,1
'Occupied Palestinian Territory',1970,1
Indonesia,2000,1
Nigeria,2005,1
Gabon,1975,1
Albania,1980,1
'Equatorial Guinea',2010,1
'Puerto Rico',2000,1
Latvia,2015,1
'Saudi Arabia',1985,4
Turkey,1960,1
Luxembourg,1995,1
Kenya,1995,1
Dominica,1970,1
Israel,1960,5
Gabon,1980,1
'Saint Vincent and the Grenadines',1975,1
China,2005,3
Seychelles,2010,1
Mauritius,2005,3
Greece,2000,1
Egypt,1985,3
Peru,1970,1
India,2000,6
'Puerto Rico',2015,1
Luxembourg,1970,1
Cambodia,2000,1
Jamaica,1995,1
Indonesia,1960,1
Nigeria,1965,1
Niger,2015,1
Libya,1970,4
Liberia,1990,1
Senegal,2005,1
Switzerland,1990,1
Kenya,1980,1
Hungary,1960,1
China,1995,3
'Democratic Peoples Republic of Korea',1985,1
Canada,1995,1
Somalia,1965,1
Mali,1990,1
Pakistan,2000,5
Rwanda,1960,1
Norway,2005,1
Morocco,1995,6
Liberia,1965,1
'Bolivia (Plurinational State of)',2010,1
Lesotho,1980,1
Maldives,1985,1
'Puerto Rico',1970,1
Kuwait,1990,4
Armenia,2005,6
Zambia,2015,1
'Saint Kitts and Nevis',2005,1
'Syrian Arab Republic',2010,6
Japan,2005,3
'Bolivia (Plurinational State of)',1970,1
Uruguay,2000,1
Swaziland,2015,1
Chad,1985,1
'Saint Lucia',1960,1
Gambia,1990,1
Liberia,1980,1
Ireland,2010,1
Peru,1985,1
Guatemala,1960,1
'Burkina Faso',1985,1
Malawi,2005,1
Turkey,2000,3
'Saint Lucia',1995,1
Bulgaria,1960,1
Mauritania,1965,1
Iraq,1970,3
Algeria,1960,1
Djibouti,2015,1
Ethiopia,2015,1
Bangladesh,2005,1
Australia,1995,1
Nepal,2015,1
'Republic of Korea',2010,3
Eritrea,2015,1
Bulgaria,1970,3
India,2015,3
Namibia,2005,1
Guinea-Bissau,1975,1
'Republic of Korea',1960,1
'Burkina Faso',1990,1
'Saudi Arabia',1960,3
Nicaragua,1990,1
Iraq,1980,6
'United Kingdom',2005,1
Belarus,2010,1
Denmark,2005,1
Gabon,1965,1
Comoros,1985,1
Cuba,2015,3
Cameroon,1990,1
'Saudi Arabia',2000,4
Pakistan,1960,1
'Saint Lucia',2000,1
Morocco,1990,6
Norway,1990,1
Poland,1965,3
Bhutan,2015,1
Chile,2015,1
'Dominican Republic',1985,1
'Saint Kitts and Nevis',1960,1
Maldives,1970,1
Algeria,1995,3
Mongolia,2010,1
'United Republic of Tanzania',1985,1
Belgium,1990,3
'El Salvador',1965,1
Romania,1960,1
Honduras,1985,1
Barbados,2005,5
'United Republic of Tanzania',1980,1
Mauritius,1960,1
China,2015,3
Togo,1960,1
Colombia,1990,1
'United Arab Emirates',2010,4
'Saint Kitts and Nevis',1995,1
Canada,2005,1
Haiti,1965,1
Seychelles,1965,1
Paraguay,1975,1
Uzbekistan,2005,4
'Trinidad and Tobago',1965,1
'Antigua and Barbuda',2005,1
Kazakhstan,2010,3
'New Zealand',1970,1
Mexico,2015,3
Malaysia,2015,1
Belgium,2010,6
'Papua New Guinea',1960,1
'Costa Rica',1985,1
Croatia,2000,1
Albania,2005,1
Maldives,2005,1
Mongolia,1975,1
Malta,2010,3
'Iran (Islamic Republic of)',1985,3
'Russian Federation',2005,1
Uruguay,1985,1
'Cabo Verde',1980,1
Czechia,2000,3
Ecuador,2000,1
Panama,1985,1
Mozambique,1995,1
Fiji,1965,1
Timor-Leste,1970,1
Benin,1965,1
'Republic of Korea',1980,1
'Sierra Leone',2010,1
Belize,2000,1
Thailand,2005,1
Tunisia,1965,3
'Occupied Palestinian Territory',2005,6
'Dominican Republic',1975,1
'Sri Lanka',1970,1
'Saint Lucia',1965,1
Nepal,1985,1
Israel,1970,4
Israel,1985,4
Japan,1985,1
Guyana,2015,1
Guinea-Bissau,1960,1
Italy,2000,3
Belarus,1995,1
Switzerland,2010,1
Austria,1975,1
'Antigua and Barbuda',1980,1
Luxembourg,2010,1
Belize,1990,1
Peru,2005,1
Georgia,1990,1
'Trinidad and Tobago',1960,1
'United Republic of Tanzania',2015,1
Bulgaria,1990,6
'Sri Lanka',2000,3
Ecuador,1995,1
'United States of America',2000,3
Albania,2015,1
Zambia,1980,1
Mauritania,1995,1
'Sri Lanka',1980,1
Colombia,1965,1
'Bolivia (Plurinational State of)',1995,1
Cyprus,2010,3
Qatar,1995,4
Afghanistan,1990,1
Bulgaria,1985,4
Bangladesh,1995,1
Argentina,2000,1
Honduras,1970,1
'The former Yugoslav Republic of Macedonia',2005,1
Poland,2005,3
Honduras,1975,1
'Central African Republic',1965,1
'New Zealand',2010,1
'Russian Federation',1990,1
'Saudi Arabia',2010,4
Philippines,2015,1
Indonesia,1970,1
Malta,2005,2
Grenada,2000,1
'Bolivia (Plurinational State of)',1965,1
Bhutan,2010,1
'Cabo Verde',2000,1
'United Republic of Tanzania',1970,1
Dominica,2015,1
Japan,2015,3
Angola,2010,1
Colombia,1995,1
Botswana,1980,1
Swaziland,1980,3
Jordan,1980,2
Ghana,1980,1
Panama,1965,1
Togo,1975,1
Kenya,1960,1
'Cabo Verde',1985,1
Timor-Leste,2005,1
Kuwait,1995,4
Senegal,1985,1
'Sierra Leone',2005,1
Malawi,1995,1
Morocco,1970,3
Kuwait,1970,4
Serbia,2015,1
Malaysia,1970,1
Peru,2015,1
Niger,1970,1
Georgia,2000,1
Barbados,2000,5
China,1975,3
Croatia,2010,1
'New Zealand',1965,1
Greece,1985,1
Tajikistan,2010,3
Panama,2005,1
Pakistan,2005,6
Norway,1965,1
Burundi,2005,1
Cameroon,1965,1
Philippines,1975,1
Madagascar,1980,1
Sweden,1990,1
Mongolia,1980,1
Germany,2015,6
Mali,2000,1
Luxembourg,1960,1
Paraguay,1985,1
Kenya,2000,1
Togo,2015,1
'El Salvador',1960,1
Italy,2010,6
Portugal,1995,1
Haiti,1975,1
Portugal,2005,1
'Sierra Leone',1985,1
Mozambique,1990,1
Zimbabwe,1985,1
Azerbaijan,2015,3
Switzerland,2005,1
Thailand,1975,1
Iraq,2010,3
Lebanon,1975,3
Nicaragua,1980,1
Singapore,1995,1
Benin,1985,1
Switzerland,1970,1
Swaziland,1965,1
Belgium,2015,6
Guinea,2000,1
Comoros,1975,1
Egypt,1970,1
'Trinidad and Tobago',2000,1
'Democratic Republic of the Congo',1985,1
Italy,1970,3
Paraguay,2005,1
Slovakia,2000,1
Morocco,2010,6
Afghanistan,1965,1
'Syrian Arab Republic',1965,1
Eritrea,2000,1
Guinea,1980,1
Guyana,2005,1
Congo,2015,1
Bangladesh,2010,1
Senegal,1960,1
Singapore,2005,1
'Republic of Korea',1965,1
Belarus,2000,1
'Viet Nam',1985,1
Botswana,1960,1
Guinea,2015,1
Kazakhstan,2000,3
Yemen,1975,3
Zimbabwe,1980,1
Malaysia,2010,1
Botswana,2005,1
Turkey,2015,1
'Republic of Moldova',1990,3
Maldives,2010,1
Timor-Leste,1975,1
Djibouti,2010,1
Malta,1980,3
Uruguay,1975,1
Bhutan,1965,1
Netherlands,2015,1
Angola,1980,1
Grenada,1960,1
'Central African Republic',1960,1
Germany,2005,6
'Papua New Guinea',1965,1
'Equatorial Guinea',1985,1
Austria,1970,1
Timor-Leste,1985,1
Ireland,2005,1
Thailand,1960,1
Pakistan,1970,1
Congo,1985,1
Cameroon,1980,1
Slovenia,2005,1
Bahrain,2010,6
'Saudi Arabia',1970,2
Madagascar,2000,1
Chad,2015,1
Italy,1990,1
'Iran (Islamic Republic of)',1965,1
Tunisia,1995,5
Poland,1990,6
Ukraine,2005,1
'Iran (Islamic Republic of)',2015,6
Dominica,1960,1
Kenya,1985,1
Somalia,1960,1
Angola,1960,1
'Saint Vincent and the Grenadines',1960,1
Malaysia,1965,1
Brazil,2005,1
Armenia,1990,3
Grenada,2005,1
Guyana,1975,1
Congo,1970,1
'Iran (Islamic Republic of)',2005,5
Netherlands,1990,1
'United Kingdom',2010,1
Burundi,1995,1
Brazil,1985,1
Mali,1970,1
Chad,1990,1
'Brunei Darussalam',2005,1
Yemen,2005,4
Chile,1965,1
'Occupied Palestinian Territory',1985,1
Suriname,1965,1
Bhutan,1970,1
Iceland,1970,1
Zambia,2000,1
Israel,2015,2
Malawi,1990,1
Algeria,1965,1
Spain,2005,6
'Saint Lucia',2015,1
Honduras,1965,1
Angola,2015,1
Slovenia,1990,1
'United Arab Emirates',1995,4
Latvia,2010,1
'Dominican Republic',1960,1
Madagascar,1995,1
'Saudi Arabia',2005,4
Italy,1975,1
Denmark,1995,6
Congo,1980,1
Finland,2005,1
Lebanon,1960,1
Malawi,1960,1
Honduras,2000,1
Estonia,2010,3
Ghana,1975,1
Nicaragua,1975,1
'Democratic Republic of the Congo',2000,1
Mali,2005,1
'Central African Republic',1985,1
Maldives,1995,1
Argentina,2010,1
'Syrian Arab Republic',1990,3
Mauritania,2015,1
Japan,1980,3
Peru,1980,1
Ukraine,2015,1
Romania,2000,1
'Sri Lanka',1995,1
Swaziland,2005,1
Thailand,2010,1
'United Republic of Tanzania',1975,1
Latvia,1995,1
'South Sudan',2015,1
Sweden,2015,1
Kuwait,1960,1
'Trinidad and Tobago',1990,1
Mongolia,1970,1
China,1970,1
Lesotho,2015,1
Ethiopia,2000,1
'United Arab Emirates',1975,4
'Sri Lanka',1965,1
Estonia,2015,3
Suriname,1960,1
'Lao Peoples Democratic Republic',2000,1
'Papua New Guinea',1985,1
Guinea,1970,1
Malaysia,2005,1
Ghana,1995,1
Malawi,1980,1
Yemen,1985,4
Egypt,1995,4
Mauritius,1980,1
Qatar,1965,6
Barbados,1965,1
France,1995,3
Serbia,2005,1
'United Republic of Tanzania',2005,1
Myanmar,2005,1
Guyana,1985,1
Norway,1960,1
Brazil,1995,1
Uruguay,1990,1
'Dominican Republic',2000,3
Greece,1995,1
'El Salvador',1970,1
Kenya,1965,1
'New Zealand',1975,1
'Sierra Leone',2015,1
'United States of America',2005,3
'Occupied Palestinian Territory',1990,1
Qatar,2010,4
'Venezuela (Bolivarian Republic of)',2005,1
Gambia,2000,1
'South Africa',2000,3
Dominica,2010,1
'Republic of Moldova',2005,1
Lesotho,1965,1
'United Kingdom',1990,1
'Costa Rica',1975,1
Cuba,1985,1
Colombia,1985,1
Sudan,2010,5
Bhutan,1980,1
'Dominican Republic',1965,1
Sweden,1960,1
Uzbekistan,1990,4
Zimbabwe,1965,1
Comoros,1995,1
Myanmar,1990,1
Ireland,1975,1
Honduras,1960,1
Chile,1975,1
'Costa Rica',1980,1
Qatar,1985,4
'Venezuela (Bolivarian Republic of)',1995,1
'United States of America',1975,1
'Sierra Leone',1970,1
Pakistan,1995,3
Mauritania,1990,1
Maldives,2000,1
Timor-Leste,1965,1
Malaysia,1975,1
Gabon,2015,1
Grenada,2010,1
Argentina,1980,1
Mongolia,2005,1
Guyana,1960,1
'Trinidad and Tobago',1985,1
'Bolivia (Plurinational State of)',2000,1
Fiji,2000,1
Slovakia,2005,1
Eritrea,2005,1
Morocco,1975,6
Senegal,1995,1
Sweden,1980,1
Turkmenistan,1995,4
Angola,2000,1
Dominica,1965,1
Comoros,2005,1
'Democratic Peoples Republic of Korea',1970,1
Mauritania,2005,1
Myanmar,2010,1
Turkey,2010,3
Turkey,1970,1
Algeria,2010,5
Bhutan,1990,1
Libya,1980,4
Djibouti,1980,1
Finland,2015,1
Austria,1965,1
China,2010,3
Indonesia,1980,1
Angola,1970,1
Brazil,1965,1
Germany,1975,1
Zimbabwe,1975,1
Seychelles,1975,1
Kenya,2015,1
'United States of America',1985,1
Guatemala,2010,1
Mali,2010,1
'Burkina Faso',1970,1
Cyprus,1975,3
'Republic of Moldova',1995,3
Niger,2010,1
Bahrain,1970,1
India,1990,3
'South Africa',1960,1
Azerbaijan,2010,6
Monaco,2005,1
'United Kingdom',2000,1
Djibouti,2000,1
'Republic of Korea',1975,1
Argentina,2015,1
Liberia,1970,1
Tunisia,1980,6
Paraguay,2000,1
'Papua New Guinea',2005,1
Yemen,2015,4
'Puerto Rico',1975,1
Zambia,1975,1
Afghanistan,1960,1
'Saudi Arabia',2015,4
Argentina,1985,1
Germany,1980,1
Philippines,1960,1
Afghanistan,2005,1
Peru,1995,1
Kyrgyzstan,2010,1
Nepal,2005,1
Ethiopia,1995,1
'Burkina Faso',1975,1
Mauritius,1975,1
Cuba,1990,1
'Sierra Leone',1965,1
Congo,1965,1
Guatemala,1970,1
Kazakhstan,1990,3
Madagascar,1990,1
Swaziland,1995,1
Gambia,1960,1
Latvia,2005,1
Congo,1990,1
Comoros,1980,1
Guatemala,1990,1
Suriname,1980,1
Gabon,2010,1
Belarus,1990,1
Ireland,1990,1
Cameroon,2010,1
Gambia,1970,1
Jamaica,2010,1
Jordan,1970,3
Botswana,2010,1
Canada,1990,1
Mozambique,1960,1
Malta,1960,1
Guinea,1990,1
Guatemala,1985,1
'Republic of Korea',2000,6
Thailand,2000,1
'El Salvador',1985,1
'Democratic Republic of the Congo',2005,1
Cameroon,2015,1
'Viet Nam',1970,1
Czechia,2005,3
Uganda,2000,1
Mongolia,1965,1
Indonesia,1995,1
Lebanon,2015,1
Mauritius,1965,1
Mongolia,1985,1
Hungary,1985,1
'Puerto Rico',1960,1
Djibouti,1995,1
Egypt,1960,1
'United Kingdom',1980,1
'Equatorial Guinea',1960,1
Israel,2010,2
Lesotho,1995,1
Egypt,1965,1
'South Africa',1990,3
Zambia,1960,1
Malawi,1965,1
Fiji,1990,1
'Occupied Palestinian Territory',1995,1
'Equatorial Guinea',2005,1
'Iran (Islamic Republic of)',1995,5
'South Africa',2010,3
Zimbabwe,2015,1
'Burkina Faso',1960,1
Cyprus,1990,3
'Democratic Republic of the Congo',1990,1
Cambodia,1975,1
Namibia,1970,1
Colombia,2000,1
Montenegro,2005,1
'Saint Kitts and Nevis',1990,1
Romania,1970,1
Haiti,1960,1
'Brunei Darussalam',2010,1
'Iran (Islamic Republic of)',1990,3
Tajikistan,2000,2
Iraq,2015,3
Mauritius,1990,3
'Democratic Republic of the Congo',1960,1
India,2010,6
Albania,1970,1
Philippines,2000,1
Libya,2005,4
'Cote dIvoire',1980,1
Gambia,1995,1
Guatemala,1975,1
Jordan,1990,4
Cameroon,2000,1
Canada,1965,1
Panama,2000,1
Malawi,1985,1
Finland,1995,1
'Democratic Peoples Republic of Korea',1960,1
Armenia,1995,6
Liberia,2000,1
Mozambique,1970,1
Croatia,1995,1
Libya,1995,4
Bahrain,1980,3
Iceland,2005,1
'Democratic Peoples Republic of Korea',1975,1
'El Salvador',1975,1
Grenada,1965,1
Barbados,1975,1
Nigeria,1990,1
Albania,1985,1
Indonesia,1965,1
Chad,1995,1
Dominica,1985,1
Timor-Leste,2015,1
Suriname,1985,1
Poland,2000,3
Eritrea,1995,1
Thailand,1965,1
Yemen,1980,3
Mauritania,1980,1
Gabon,2005,1
Malta,1995,6
'United Kingdom',1970,1
Belize,2005,1
Brazil,1970,1
Libya,2000,4
'Saint Kitts and Nevis',1965,1
France,2000,3
Togo,1980,1
Mozambique,2015,1
Guinea,1960,1
Niger,1960,1
'Democratic Republic of the Congo',2010,1
Bangladesh,1960,1
Yemen,1995,2
'United Kingdom',1960,1
India,1995,1
'Republic of Moldova',2015,1
China,1985,3
Guyana,1990,1
Peru,1965,1
France,1975,1
Uganda,2015,1
Seychelles,1995,1
'Cabo Verde',1965,1
Cambodia,2015,1
Botswana,1965,1
Kyrgyzstan,2005,6
Nepal,1990,1
Azerbaijan,1990,3
Senegal,2000,1
'Cote dIvoire',2015,1
Azerbaijan,1995,6
'Saudi Arabia',1990,4
Uganda,1990,1
Georgia,1995,1
Bulgaria,1965,3
Poland,2010,3
Madagascar,1965,1
'New Zealand',1995,1
Cambodia,1995,1
Ecuador,2015,1
Gambia,1965,1
'Cote dIvoire',1995,1
Luxembourg,2015,1
Oman,1965,1
Austria,1980,1
Zimbabwe,2000,3
Comoros,1990,1
Sweden,1970,1
Tunisia,1960,1
Mauritania,1960,1
Dominica,1990,1
'Viet Nam',2015,1
'Central African Republic',1975,1
'Occupied Palestinian Territory',2010,1
Cyprus,2000,3
Malta,1965,1
'Trinidad and Tobago',1970,1
'Cote dIvoire',1990,1
Nepal,1980,1
Yemen,2000,4
Benin,2005,1
'Venezuela (Bolivarian Republic of)',1975,1
Mauritania,1985,1
Maldives,1980,1
'Trinidad and Tobago',1975,1
'Cote dIvoire',1975,1
'Saint Lucia',2010,1
Honduras,1995,1
'Puerto Rico',2010,3
Mali,1975,1
Singapore,1965,1
Gabon,1995,1
Egypt,2010,4
Luxembourg,1980,1
Romania,1995,1
'Central African Republic',1995,1
Botswana,2000,1
Austria,1990,1
Hungary,1965,1
Tajikistan,2015,3
Bangladesh,1980,1
'Antigua and Barbuda',1965,1
'United Arab Emirates',1965,5
Lithuania,2000,1
'Brunei Darussalam',1990,1
Canada,1970,1
'Venezuela (Bolivarian Republic of)',1985,1
Congo,1975,1
Bangladesh,1990,1
'Venezuela (Bolivarian Republic of)',1990,1
Cambodia,1985,1
Armenia,2015,2
Jordan,1995,5
Uganda,2005,1
Romania,1990,1
'United States of America',1990,3
'Dominican Republic',2010,6
Ghana,1985,1
Philippines,2005,3
Ghana,2010,1
Hungary,2000,1
Somalia,2000,3
Malawi,1970,1
Greece,2010,1
Netherlands,2000,1
Philippines,1995,1
Lesotho,1985,1
'Papua New Guinea',2010,1
Ethiopia,2005,1
'Sierra Leone',2000,1
'Viet Nam',2010,1
Jamaica,1960,1
Jordan,2005,4
Nigeria,2015,1
Italy,1965,1
Belarus,2015,1
Suriname,1975,1
'United States of America',2010,3
'Brunei Darussalam',1965,1
Norway,1985,1
Austria,1985,1
Ecuador,1965,1
Swaziland,1990,1
Canada,2000,1
Mali,1995,1
Swaziland,1985,1
Kuwait,1980,4
Senegal,1980,1
'Cabo Verde',2015,1
Bulgaria,1975,3
'Equatorial Guinea',1970,1
Libya,2015,4
Colombia,1980,1
'Saint Vincent and the Grenadines',1995,1
Belize,1960,1
'Burkina Faso',2015,1
'South Africa',1995,3
Malaysia,2000,1
China,1980,3
'United Arab Emirates',2000,4
Bulgaria,1980,4
Lesotho,2010,1
Australia,1975,1
'Lao Peoples Democratic Republic',1975,1
Jamaica,1990,1
'Democratic Republic of the Congo',1970,1
Libya,1960,2
Rwanda,1975,1
Lebanon,1965,1
Finland,1985,1
Romania,1985,1
'Equatorial Guinea',1995,1
Bulgaria,1995,6
Nicaragua,2000,1
Portugal,1980,1
Greece,2005,1
Nicaragua,2005,1
'Papua New Guinea',1995,1
Egypt,1980,3
'Central African Republic',1980,1
Azerbaijan,2000,6
Yemen,2010,5
Nigeria,1980,1
Japan,2000,3
Uganda,1985,1
'Central African Republic',2005,1
Afghanistan,1995,1
Algeria,1975,3
'Syrian Arab Republic',1995,4
Ireland,1995,1
Cyprus,1960,1
Guyana,1995,1
Bahrain,1995,3
Nicaragua,1970,1
Romania,1965,1
Somalia,1975,1
Belize,1965,1
Georgia,2010,1
'Sierra Leone',1990,1
Tunisia,2015,5
'Democratic Peoples Republic of Korea',1980,1
'El Salvador',2005,1
Ecuador,1990,1
'Cote dIvoire',1985,1
Yemen,1970,1
'Equatorial Guinea',1965,1
Finland,1970,1
Bulgaria,2000,6
Angola,1990,1
Ireland,2000,1
Niger,1965,1
'Viet Nam',2000,1
India,1980,3
Indonesia,1990,1
'Viet Nam',1990,1
Germany,1995,6
Botswana,1990,1
Belgium,1965,1
Nigeria,1960,1
Grenada,1995,1
Gambia,1985,1
Iraq,1985,6
Guatemala,1995,1
Guyana,2000,1
Tunisia,2000,5
Morocco,2005,2
Cambodia,1980,1
Denmark,1965,3
Luxembourg,1990,1
'United Republic of Tanzania',1990,1
Madagascar,2010,1
Italy,1995,3
Mauritania,1970,1
'New Zealand',2000,1
Gambia,2005,1
Kenya,1990,1
'Sierra Leone',1960,1
