inst#,actual,predicted,error,prediction,Country,Year
1,1:none,1:none,,1,Paraguay,1990
2,1:none,1:none,,1,Canada,2010
3,6:medium,6:medium,,1,Denmark,1985
4,1:none,1:none,,1,Greece,1990
5,1:none,1:none,,1,Lebanon,1985
6,6:medium,6:medium,,1,Kazakhstan,1995
7,1:none,1:none,,1,Guyana,1970
8,1:none,1:none,,1,Somalia,1995
9,1:none,1:none,,1,Somalia,1990
10,1:none,1:none,,1,Switzerland,2000
11,1:none,1:none,,1,Barbados,1970
12,1:none,1:none,,1,'Costa Rica',2015
13,1:none,1:none,,1,Haiti,1985
14,1:none,1:none,,1,'Trinidad and Tobago',2010
15,1:none,1:none,,0.976,'Sri Lanka',2010
16,1:none,1:none,,1,Botswana,1985
17,1:none,1:none,,1,Grenada,1985
18,1:none,1:none,,1,Maldives,1990
19,3:low,3:low,,1,Poland,2015
20,3:low,3:low,,0.991,Algeria,2005
21,1:none,1:none,,1,'Syrian Arab Republic',1960
22,1:none,1:none,,1,'Brunei Darussalam',1995
23,1:none,1:none,,1,'Burkina Faso',2005
24,1:none,1:none,,1,'United Kingdom',2015
25,1:none,1:none,,1,Switzerland,2015
26,1:none,1:none,,1,Iceland,2015
27,1:none,1:none,,1,Seychelles,1990
28,1:none,1:none,,1,Cuba,1960
29,1:none,1:none,,1,Greece,1980
30,1:none,1:none,,1,Dominica,1980
31,1:none,1:none,,1,Argentina,1975
32,1:none,1:none,,1,Cuba,1970
33,1:none,1:none,,1,Philippines,1965
34,1:none,1:none,,1,'United Kingdom',1995
35,3:low,3:low,,1,Iraq,1965
36,1:none,1:none,,1,Cuba,2005
37,1:none,1:none,,1,Zimbabwe,1970
38,1:none,1:none,,1,'Democratic Republic of the Congo',1980
39,1:none,1:none,,1,Luxembourg,1965
40,1:none,1:none,,1,France,1960
41,1:none,1:none,,1,'Burkina Faso',1980
42,1:none,1:none,,1,'Lao Peoples Democratic Republic',1995
43,1:none,1:none,,1,'United Republic of Tanzania',1960
44,1:none,1:none,,1,Netherlands,1960
45,3:low,3:low,,1,France,2010
46,1:none,1:none,,1,Latvia,2000
47,1:none,1:none,,1,Nicaragua,2010
48,1:none,1:none,,1,Iceland,2010
49,1:none,1:none,,1,Nicaragua,1960
50,1:none,1:none,,1,Honduras,2005
51,1:none,1:none,,1,Chad,2010
52,1:none,1:none,,1,'Viet Nam',1995
53,1:none,1:none,,1,'Saint Lucia',1970
54,1:none,1:none,,1,Gabon,1990
55,1:none,1:none,,1,Afghanistan,2010
56,1:none,1:none,,1,Mexico,1970
57,1:none,1:none,,1,Greece,1975
58,1:none,1:none,,1,Kenya,1975
59,1:none,1:none,,1,Cameroon,1975
60,1:none,1:none,,1,'Dominican Republic',1995
61,1:none,1:none,,1,Uruguay,2005
62,1:none,1:none,,1,'The former Yugoslav Republic of Macedonia',2010
63,1:none,1:none,,1,Romania,1975
64,1:none,1:none,,1,India,1965
65,1:none,1:none,,1,Nigeria,1970
66,1:none,1:none,,1,'Venezuela (Bolivarian Republic of)',2000
67,1:none,1:none,,1,Thailand,1985
68,1:none,1:none,,1,Namibia,1960
69,1:none,1:none,,1,Maldives,1975
70,1:none,1:none,,1,Madagascar,2015
71,3:low,3:low,,1,Kyrgyzstan,1990
72,1:none,1:none,,1,Iceland,1985
73,1:none,1:none,,1,'Saint Kitts and Nevis',1975
74,1:none,1:none,,1,Argentina,1970
75,3:low,3:low,,1,Denmark,1960
76,6:medium,6:medium,,1,Turkmenistan,2015
77,1:none,1:none,,1,Turkey,1995
78,4:critical,4:critical,,1,Kuwait,2010
79,1:none,1:none,,1,Canada,1980
80,1:none,1:none,,1,'Antigua and Barbuda',2010
81,1:none,1:none,,1,Gabon,2000
82,1:none,1:none,,1,Ecuador,1975
83,1:none,1:none,,1,Chile,1995
84,3:low,3:low,,1,Cyprus,1995
85,1:none,1:none,,1,Benin,1975
86,1:none,1:none,,1,Australia,1965
87,1:none,1:none,,1,Malaysia,1960
88,1:none,1:none,,1,Togo,1965
89,1:none,1:none,,1,Sweden,1975
90,1:none,1:none,,1,Turkey,1985
91,3:low,3:low,,1,'The former Yugoslav Republic of Macedonia',1995
92,1:none,1:none,,1,Grenada,1970
93,3:low,3:low,,1,'Dominican Republic',2005
94,1:none,1:none,,1,Ecuador,1980
95,1:none,1:none,,1,Rwanda,1980
96,1:none,1:none,,1,'Viet Nam',2005
97,1:none,1:none,,1,Namibia,1980
98,1:none,1:none,,1,Canada,1960
99,1:none,1:none,,1,Slovenia,2015
100,4:critical,4:critical,,1,'United Arab Emirates',2015
101,4:critical,4:critical,,0.993,Libya,1965
102,1:none,3:low,+,0.977,Swaziland,1975
103,1:none,1:none,,1,Mozambique,1965
104,1:none,1:none,,1,Portugal,1990
105,1:none,1:none,,1,'Democratic Republic of the Congo',1995
106,1:none,1:none,,1,Panama,1975
107,1:none,1:none,,0.999,'Republic of Korea',1985
108,1:none,1:none,,1,'New Zealand',1960
109,1:none,1:none,,1,'Sierra Leone',1995
110,1:none,1:none,,1,'Antigua and Barbuda',2000
111,1:none,1:none,,1,Nepal,1970
112,1:none,1:none,,1,Chad,1965
113,1:none,1:none,,1,'New Zealand',1985
114,1:none,1:none,,1,Mauritania,2010
115,1:none,1:none,,1,Dominica,1995
116,1:none,1:none,,1,Senegal,2010
117,1:none,1:none,,1,'Saint Vincent and the Grenadines',2015
118,1:none,1:none,,1,Argentina,2005
119,1:none,1:none,,1,Belgium,1975
120,1:none,1:none,,1,Colombia,2010
121,1:none,1:none,,1,Malawi,2010
122,2:alert,2:alert,,0.981,'Syrian Arab Republic',2015
123,1:none,1:none,,1,Cameroon,1960
124,1:none,1:none,,1,Cambodia,1970
125,1:none,1:none,,1,'Bolivia (Plurinational State of)',1960
126,1:none,1:none,,1,Guyana,1980
127,1:none,1:none,,1,'Viet Nam',1975
128,4:critical,4:critical,,1,Israel,2000
129,1:none,1:none,,1,Benin,1990
130,4:critical,4:critical,,1,Libya,1985
131,1:none,1:none,,1,Gabon,1970
132,1:none,1:none,,1,'United States of America',1960
133,3:low,3:low,,1,France,1985
134,1:none,1:none,,1,Cambodia,2010
135,1:none,1:none,,1,Switzerland,1985
136,3:low,3:low,,1,Denmark,1975
137,1:none,1:none,,1,Mali,1960
138,4:critical,4:critical,,1,Oman,2000
139,1:none,1:none,,1,Croatia,2015
140,1:none,1:none,,1,Canada,2015
141,1:none,1:none,,1,Argentina,1960
142,1:none,1:none,,1,'Papua New Guinea',2015
143,3:low,3:low,,1,Morocco,1965
144,1:none,1:none,,1,'Viet Nam',1960
145,1:none,1:none,,1,Belize,1980
146,1:none,1:none,,1,Mauritius,2015
147,1:none,1:none,,1,Bahrain,1975
148,1:none,1:none,,1,Uruguay,1970
149,1:none,1:none,,1,Madagascar,2005
150,3:low,3:low,,1,India,1985
151,4:critical,4:critical,,1,Israel,1980
152,4:critical,4:critical,,1,Libya,1990
153,1:none,1:none,,1,Barbados,1980
154,1:none,1:none,,1,Malta,1970
155,1:none,1:none,,1,Nepal,1975
156,1:none,1:none,,1,'Democratic Peoples Republic of Korea',1990
157,3:low,3:low,,0.999,Barbados,1960
158,1:none,1:none,,1,Jamaica,1970
159,1:none,1:none,,1,'Bolivia (Plurinational State of)',1990
160,1:none,1:none,,1,Netherlands,1975
161,1:none,1:none,,1,'Cabo Verde',2005
162,1:none,1:none,,0.998,Zimbabwe,2010
163,3:low,3:low,,1,France,1990
164,1:none,1:none,,1,'Cote dIvoire',2000
165,1:none,1:none,,1,Rwanda,1990
166,6:medium,6:medium,,1,Tajikistan,1990
167,1:none,1:none,,1,'Democratic Peoples Republic of Korea',2005
168,1:none,1:none,,1,'Democratic Peoples Republic of Korea',2000
169,3:low,3:low,,1,Barbados,2015
170,3:low,3:low,,1,Czechia,2015
171,1:none,1:none,,1,Paraguay,1970
172,1:none,1:none,,1,Ecuador,1970
173,1:none,1:none,,1,Djibouti,1985
174,1:none,1:none,,1,'Democratic Republic of the Congo',1965
175,1:none,1:none,,1,Fiji,2015
176,1:none,1:none,,1,Jamaica,2015
177,6:medium,1:none,+,1,'Saint Kitts and Nevis',2010
178,1:none,1:none,,1,Suriname,2010
179,1:none,1:none,,1,Malaysia,1995
180,3:low,3:low,,1,Cyprus,1980
181,1:none,1:none,,1,'Lao Peoples Democratic Republic',1980
182,1:none,1:none,,1,'Central African Republic',2015
183,1:none,1:none,,1,'Republic of Moldova',2000
184,1:none,1:none,,1,'Trinidad and Tobago',1995
185,1:none,1:none,,1,'Saint Lucia',1980
186,1:none,1:none,,1,Bangladesh,1965
187,4:critical,4:critical,,1,'Saudi Arabia',1995
188,1:none,1:none,,1,Monaco,1995
189,3:low,3:low,,1,Czechia,1995
190,6:medium,6:medium,,1,Oman,2015
191,6:medium,6:medium,,1,Denmark,1990
192,1:none,1:none,,1,Cambodia,1965
193,3:low,3:low,,0.986,Belgium,1985
194,1:none,1:none,,1,Ghana,1960
195,1:none,1:none,,1,Mongolia,1960
196,1:none,1:none,,1,Nigeria,1985
197,1:none,1:none,,1,Brazil,1990
198,2:alert,6:medium,+,0.975,Bahrain,2015
199,4:critical,4:critical,,1,Kuwait,1985
200,1:none,1:none,,1,'Occupied Palestinian Territory',2015
201,1:none,1:none,,0.999,Japan,1975
202,1:none,1:none,,1,Cambodia,1960
203,1:none,1:none,,1,Zambia,1985
204,1:none,1:none,,1,Niger,1985
205,1:none,1:none,,1,Belize,1970
206,1:none,1:none,,1,Finland,1980
207,1:none,1:none,,1,Romania,2005
208,1:none,1:none,,1,Nepal,1960
209,1:none,1:none,,1,Liberia,2005
210,4:critical,4:critical,,1,Israel,1975
211,1:none,1:none,,1,Panama,2010
212,1:none,1:none,,1,'Viet Nam',1965
213,1:none,1:none,,1,Greece,1960
214,1:none,1:none,,1,Uruguay,1960
215,1:none,1:none,,1,Ireland,1965
216,1:none,1:none,,1,'Dominican Republic',1990
217,1:none,1:none,,1,'Democratic Peoples Republic of Korea',1965
218,1:none,1:none,,1,Niger,1990
219,1:none,1:none,,1,Uruguay,1995
220,1:none,1:none,,1,'Bolivia (Plurinational State of)',1985
221,1:none,1:none,,1,Madagascar,1975
222,1:none,1:none,,1,Albania,1975
223,1:none,1:none,,1,'Lao Peoples Democratic Republic',1985
224,1:none,1:none,,1,Niger,2005
225,1:none,1:none,,1,'United States of America',1965
226,3:low,3:low,,1,Malta,1985
227,3:low,3:low,,1,China,1990
228,1:none,1:none,,1,Guinea-Bissau,1965
229,1:none,1:none,,1,Lesotho,2000
230,3:low,1:none,+,1,Afghanistan,1975
231,1:none,1:none,,1,Montenegro,2010
232,1:none,1:none,,1,Ecuador,2010
233,1:none,1:none,,1,Nicaragua,2015
234,4:critical,4:critical,,1,Qatar,1975
235,4:critical,4:critical,,1,Libya,1975
236,1:none,1:none,,1,Chad,1960
237,6:medium,6:medium,,1,Pakistan,2015
238,3:low,3:low,,1,Philippines,2010
239,1:none,1:none,,1,Mozambique,1985
240,1:none,1:none,,1,Singapore,1970
241,1:none,1:none,,1,Lithuania,1990
242,1:none,1:none,,1,Botswana,1975
243,1:none,1:none,,1,Australia,2010
244,1:none,1:none,,1,Djibouti,1960
245,1:none,1:none,,1,Panama,1995
246,1:none,1:none,,1,Nepal,1965
247,1:none,1:none,,1,Djibouti,1975
248,1:none,1:none,,1,'Bolivia (Plurinational State of)',2015
249,1:none,1:none,,1,'El Salvador',2000
250,1:none,1:none,,1,Myanmar,1965
251,1:none,1:none,,1,'Burkina Faso',2010
252,1:none,1:none,,1,Niger,1995
253,1:none,1:none,,1,Mali,2015
254,1:none,1:none,,1,Guinea-Bissau,2000
255,1:none,1:none,,1,Angola,1975
256,1:none,1:none,,1,Mexico,1980
257,1:none,1:none,,1,'Equatorial Guinea',2015
258,1:none,1:none,,1,Uganda,1960
259,1:none,1:none,,1,Comoros,1965
260,1:none,1:none,,1,'Lao Peoples Democratic Republic',1960
261,1:none,1:none,,1,'Iran (Islamic Republic of)',1970
262,1:none,1:none,,1,'Republic of Moldova',2010
263,4:critical,4:critical,,1,Qatar,1980
264,1:none,1:none,,1,'Viet Nam',1980
265,1:none,1:none,,1,Rwanda,1995
266,1:none,1:none,,1,'Costa Rica',1990
267,1:none,1:none,,1,Cameroon,1995
268,3:low,3:low,,0.999,Denmark,2010
269,1:none,1:none,,1,Grenada,2015
270,1:none,1:none,,1,'Brunei Darussalam',2015
271,1:none,1:none,,1,'Central African Republic',1970
272,1:none,1:none,,1,'Burkina Faso',1965
273,1:none,1:none,,1,Japan,1965
274,1:none,1:none,,1,Zambia,1995
275,1:none,1:none,,1,'El Salvador',1995
276,1:none,1:none,,1,Portugal,1960
277,1:none,1:none,,1,Fiji,2010
278,3:low,3:low,,1,Netherlands,2005
279,1:none,1:none,,1,Zimbabwe,1990
280,1:none,1:none,,1,Madagascar,1970
281,1:none,1:none,,1,Montenegro,2015
282,1:none,1:none,,1,Guinea-Bissau,2015
283,5:high,5:high,,0.998,Pakistan,1990
284,1:none,1:none,,1,Senegal,1975
285,1:none,1:none,,1,Romania,1980
286,1:none,1:none,,0.997,Spain,1960
287,1:none,1:none,,1,Jamaica,1975
288,1:none,1:none,,0.999,Jordan,1965
289,1:none,1:none,,1,Mozambique,1975
290,3:low,3:low,,1,Turkey,1990
291,1:none,1:none,,1,Luxembourg,2005
292,1:none,1:none,,1,Uganda,1995
293,1:none,1:none,,1,'Cabo Verde',1990
294,1:none,1:none,,1,'Central African Republic',1990
295,1:none,1:none,,1,Congo,2005
296,1:none,1:none,,0.999,Lebanon,1980
297,1:none,1:none,,1,Singapore,1990
298,1:none,1:none,,1,Hungary,2015
299,1:none,1:none,,1,Indonesia,2010
300,1:none,1:none,,1,Austria,2010
301,1:none,1:none,,1,Djibouti,1965
302,1:none,1:none,,1,Philippines,1990
303,1:none,1:none,,1,Gambia,1980
304,1:none,1:none,,1,Nicaragua,1985
305,1:none,1:none,,1,Afghanistan,1970
306,1:none,1:none,,1,'Costa Rica',2000
307,1:none,1:none,,1,'Saint Vincent and the Grenadines',1965
308,2:alert,2:alert,,1,Belgium,1995
309,1:none,1:none,,1,'Brunei Darussalam',2000
310,1:none,1:none,,1,Monaco,2010
311,1:none,1:none,,1,Jamaica,1965
312,6:medium,6:medium,,1,Poland,1975
313,1:none,1:none,,1,Kenya,2005
314,1:none,1:none,,1,Uganda,1980
315,1:none,1:none,,1,Austria,2005
316,1:none,1:none,,1,Timor-Leste,2010
317,1:none,1:none,,1,China,1960
318,1:none,1:none,,1,Netherlands,1970
319,3:low,3:low,,1,Zimbabwe,2005
320,1:none,1:none,,1,Turkey,1975
321,1:none,1:none,,1,Slovenia,1995
322,3:low,3:low,,1,'South Africa',2005
323,1:none,1:none,,1,Togo,2010
324,1:none,1:none,,1,Guyana,1965
325,1:none,1:none,,1,Malaysia,1985
326,1:none,1:none,,1,Chad,2000
327,1:none,1:none,,1,Benin,2000
328,1:none,1:none,,1,Argentina,1995
329,1:none,1:none,,1,Luxembourg,1975
330,6:medium,6:medium,,1,'Republic of Korea',1990
331,1:none,1:none,,1,Bahrain,1965
332,1:none,1:none,,1,'Costa Rica',1960
333,1:none,1:none,,1,Congo,2000
334,1:none,1:none,,1,Comoros,1970
335,1:none,1:none,,1,'Costa Rica',1995
336,1:none,1:none,,1,Guinea-Bissau,2010
337,1:none,1:none,,1,Belize,2015
338,1:none,1:none,,1,Hungary,2010
339,1:none,1:none,,1,'Saint Lucia',1985
340,6:medium,6:medium,,1,Afghanistan,2000
341,2:alert,2:alert,,0.978,Egypt,2015
342,1:none,1:none,,1,'South Africa',1965
343,1:none,1:none,,1,Grenada,1975
344,1:none,1:none,,1,'Russian Federation',2010
345,1:none,1:none,,1,'Cabo Verde',1995
346,1:none,1:none,,1,Greece,1970
347,1:none,1:none,,1,Ghana,2015
348,1:none,1:none,,1,'Saint Kitts and Nevis',2000
349,4:critical,4:critical,,1,Kuwait,2005
350,3:low,3:low,,1,Poland,1960
351,1:none,1:none,,1,Congo,1960
352,2:alert,2:alert,,0.966,Kuwait,1965
353,1:none,1:none,,1,Mozambique,2000
354,1:none,1:none,,1,'Trinidad and Tobago',2015
355,1:none,1:none,,1,Hungary,1990
356,1:none,1:none,,1,'Dominican Republic',1980
357,1:none,1:none,,1,Argentina,1990
358,1:none,1:none,,1,Austria,2015
359,1:none,1:none,,1,Rwanda,1985
360,3:low,3:low,,1,Algeria,1970
361,1:none,1:none,,1,Chile,2005
362,1:none,1:none,,1,'Venezuela (Bolivarian Republic of)',1970
363,6:medium,6:medium,,0.995,Egypt,1990
364,1:none,1:none,,1,Suriname,2000
365,1:none,1:none,,1,Chile,1990
366,1:none,1:none,,1,Albania,2000
367,4:critical,4:critical,,0.997,Barbados,1995
368,1:none,1:none,,1,Mali,1985
369,1:none,1:none,,1,Suriname,1990
370,1:none,1:none,,1,Latvia,1990
371,1:none,1:none,,1,'Venezuela (Bolivarian Republic of)',1960
372,1:none,1:none,,1,Burundi,1980
373,1:none,1:none,,1,Canada,1985
374,1:none,1:none,,1,Singapore,1960
375,1:none,1:none,,1,'Costa Rica',1965
376,1:none,1:none,,1,Belgium,1970
377,1:none,1:none,,1,'Lao Peoples Democratic Republic',2010
378,2:alert,2:alert,,1,Iraq,1995
379,1:none,1:none,,1,Guinea-Bissau,1995
380,4:critical,4:critical,,1,Uzbekistan,1995
381,1:none,1:none,,1,Austria,1960
382,1:none,1:none,,1,Paraguay,1960
383,1:none,1:none,,1,Guinea,1995
384,1:none,1:none,,1,'Russian Federation',1995
385,5:high,5:high,,1,Pakistan,1975
386,1:none,1:none,,1,Austria,2000
387,1:none,1:none,,1,'Saint Vincent and the Grenadines',1980
388,1:none,1:none,,1,Chad,1980
389,1:none,1:none,,1,Jordan,1960
390,1:none,1:none,,1,Timor-Leste,1995
391,1:none,1:none,,1,Oman,1970
392,1:none,1:none,,1,Hungary,1975
393,1:none,1:none,,1,Belize,1975
394,1:none,1:none,,1,Benin,1995
395,1:none,1:none,,1,Mexico,1960
396,1:none,1:none,,1,Kyrgyzstan,2015
397,4:critical,4:critical,,1,Israel,2005
398,1:none,1:none,,1,Fiji,1970
399,1:none,1:none,,1,'United Republic of Tanzania',2010
400,1:none,1:none,,0.997,Italy,2005
401,1:none,1:none,,1,Angola,1965
402,1:none,1:none,,1,'Cabo Verde',1970
403,1:none,1:none,,1,'Lao Peoples Democratic Republic',1990
404,1:none,1:none,,1,'Puerto Rico',1985
405,1:none,1:none,,1,Fiji,2005
406,1:none,1:none,,1,Benin,2010
407,1:none,1:none,,1,Chad,2005
408,1:none,1:none,,1,'Burkina Faso',2000
409,1:none,1:none,,1,Australia,1960
410,1:none,1:none,,1,Ghana,1990
411,1:none,1:none,,1,'Brunei Darussalam',1975
412,1:none,1:none,,1,'Costa Rica',1970
413,1:none,1:none,,1,Thailand,1970
414,6:medium,6:medium,,1,Iraq,1975
415,1:none,1:none,,1,Estonia,1995
416,1:none,1:none,,1,Slovakia,1995
417,1:none,1:none,,1,Niger,2000
418,1:none,1:none,,1,Thailand,1995
419,1:none,1:none,,1,Monaco,2015
420,1:none,1:none,,1,Australia,1970
421,1:none,1:none,,1,Portugal,2010
422,1:none,1:none,,1,Iceland,1995
423,1:none,1:none,,1,'Papua New Guinea',2000
424,1:none,1:none,,1,'Cabo Verde',2010
425,6:medium,6:medium,,1,Spain,2015
426,1:none,1:none,,1,Uganda,1975
427,1:none,1:none,,1,'Papua New Guinea',1975
428,1:none,1:none,,1,Chile,1985
429,1:none,1:none,,1,Turkey,1980
430,1:none,1:none,,1,Myanmar,1995
431,1:none,1:none,,1,'New Zealand',2005
432,1:none,1:none,,1,'Central African Republic',2010
433,1:none,1:none,,1,Italy,1960
434,1:none,1:none,,1,Albania,1960
435,1:none,1:none,,1,'Sri Lanka',2015
436,1:none,1:none,,1,Nepal,2000
437,1:none,1:none,,1,Bhutan,2000
438,3:low,3:low,,1,'Syrian Arab Republic',1975
439,1:none,1:none,,1,'Puerto Rico',1965
440,1:none,1:none,,1,'Russian Federation',2000
441,1:none,1:none,,1,Suriname,1995
442,6:medium,6:medium,,1,Morocco,1980
443,1:none,1:none,,1,Uganda,2010
444,1:none,1:none,,1,Brazil,2010
445,1:none,1:none,,1,Namibia,2000
446,4:critical,4:critical,,1,Qatar,2015
447,1:none,1:none,,1,Gambia,2015
448,1:none,1:none,,1,Burundi,1960
449,1:none,1:none,,1,Malaysia,1990
450,6:medium,6:medium,,1,Afghanistan,1985
451,3:low,3:low,,1,Algeria,1985
452,1:none,1:none,,1,Mauritius,1970
453,1:none,1:none,,1,Netherlands,1995
454,1:none,1:none,,1,Canada,1975
455,1:none,1:none,,1,Cameroon,2005
456,1:none,1:none,,1,Iceland,1965
457,1:none,1:none,,1,Somalia,2015
458,1:none,1:none,,1,Paraguay,1965
459,1:none,1:none,,1,Cuba,1975
460,1:none,1:none,,1,Nigeria,2010
461,6:medium,6:medium,,0.993,Tunisia,2005
462,1:none,1:none,,1,Cuba,1965
463,1:none,1:none,,1,Nigeria,1975
464,1:none,1:none,,1,Cameroon,1985
465,1:none,1:none,,1,Singapore,1980
466,1:none,1:none,,1,'Saint Vincent and the Grenadines',2000
467,1:none,1:none,,1,'Venezuela (Bolivarian Republic of)',2010
468,1:none,1:none,,1,Gambia,2010
469,1:none,1:none,,1,Somalia,1980
470,1:none,1:none,,1,Oman,1960
471,1:none,1:none,,1,Guinea-Bissau,1990
472,1:none,1:none,,1,'Antigua and Barbuda',1990
473,6:medium,6:medium,,1,'Iran (Islamic Republic of)',1975
474,1:none,1:none,,1,Chile,1960
475,1:none,1:none,,1,Malawi,1975
476,1:none,1:none,,1,'Sierra Leone',1975
477,1:none,1:none,,1,Italy,1985
478,1:none,1:none,,1,'Democratic Peoples Republic of Korea',1995
479,1:none,1:none,,1,'Puerto Rico',1980
480,1:none,1:none,,1,Iceland,2000
481,1:none,1:none,,1,'Brunei Darussalam',1980
482,1:none,1:none,,1,Bhutan,1985
483,1:none,1:none,,1,Brazil,2015
484,1:none,1:none,,1,Portugal,1970
485,1:none,1:none,,1,'Papua New Guinea',1990
486,1:none,1:none,,1,Guyana,2010
487,1:none,1:none,,1,Malawi,2000
488,1:none,1:none,,1,Mali,1980
489,4:critical,4:critical,,1,'Saudi Arabia',1980
490,1:none,1:none,,1,'Occupied Palestinian Territory',1965
491,1:none,1:none,,1,Benin,1980
492,6:medium,6:medium,,1,Spain,1990
493,1:none,1:none,,1,Burundi,2000
494,1:none,1:none,,1,Guatemala,2000
495,1:none,1:none,,1,Australia,1990
496,5:high,2:alert,+,0.998,Belgium,1980
497,1:none,1:none,,1,Ireland,1985
498,1:none,1:none,,1,China,1965
499,6:medium,6:medium,,1,Spain,2010
500,4:critical,4:critical,,1,Uzbekistan,2000
501,1:none,1:none,,1,Gabon,1985
502,2:alert,2:alert,,1,Tunisia,1985
503,1:none,1:none,,1,'Venezuela (Bolivarian Republic of)',2015
504,6:medium,6:medium,,1,Poland,1980
505,1:none,1:none,,1,Netherlands,1980
506,1:none,1:none,,1,'Lao Peoples Democratic Republic',2015
507,1:none,1:none,,1,Liberia,2010
508,1:none,1:none,,1,'Costa Rica',2005
509,1:none,1:none,,1,Lithuania,2010
510,6:medium,6:medium,,0.999,Armenia,2010
511,3:low,3:low,,1,Estonia,1990
512,1:none,1:none,,1,Eritrea,2010
513,4:critical,4:critical,,1,Yemen,1990
514,3:low,3:low,,1,Netherlands,2010
515,1:none,1:none,,1,Myanmar,1970
516,3:low,3:low,,0.997,India,2005
517,4:critical,4:critical,,1,Kuwait,2000
518,4:critical,4:critical,,1,'Syrian Arab Republic',2005
519,1:none,1:none,,1,'South Africa',1975
520,1:none,1:none,,1,Nepal,2010
521,3:low,3:low,,0.988,Denmark,2015
522,1:none,1:none,,1,Niger,1980
523,1:none,1:none,,1,Guatemala,1980
524,3:low,3:low,,1,Pakistan,1980
525,6:medium,6:medium,,0.999,Poland,1995
526,6:medium,6:medium,,1,Poland,1985
527,1:none,1:none,,1,Portugal,1965
528,1:none,1:none,,1,Bangladesh,1985
529,1:none,1:none,,1,'United Republic of Tanzania',1995
530,1:none,1:none,,1,Haiti,1990
531,1:none,1:none,,1,Iceland,1990
532,1:none,1:none,,1,Indonesia,2015
533,1:none,1:none,,1,Ghana,1965
534,3:low,3:low,,1,Singapore,1975
535,1:none,1:none,,1,Djibouti,1970
536,1:none,1:none,,1,Peru,1990
537,4:critical,4:critical,,1,'Syrian Arab Republic',2000
538,4:critical,4:critical,,1,Egypt,2000
539,1:none,1:none,,1,Switzerland,1965
540,6:medium,6:medium,,1,Turkmenistan,2010
541,1:none,1:none,,1,Cuba,1995
542,1:none,1:none,,1,'Sri Lanka',1985
543,1:none,1:none,,1,Dominica,2005
544,1:none,1:none,,1,'Lao Peoples Democratic Republic',1965
545,1:none,1:none,,1,Norway,2000
546,4:critical,4:critical,,1,Jordan,2000
547,1:none,1:none,,1,Somalia,1970
548,1:none,1:none,,1,Mali,1965
549,6:medium,6:medium,,0.951,Malta,2015
550,1:none,1:none,,1,Chile,2010
551,3:low,3:low,,1,Tunisia,1975
552,3:low,3:low,,1,Swaziland,2000
553,1:none,1:none,,1,Liberia,1985
554,1:none,1:none,,1,Turkey,1965
555,1:none,1:none,,1,Italy,1980
556,1:none,1:none,,0.999,Zimbabwe,1995
557,1:none,1:none,,1,'Trinidad and Tobago',1980
558,1:none,1:none,,1,Iceland,1980
559,1:none,1:none,,1,Oman,1975
560,3:low,3:low,,1,Pakistan,1985
561,1:none,1:none,,1,Bhutan,2005
562,2:alert,2:alert,,1,Jordan,1975
563,1:none,1:none,,1,Bhutan,1975
564,1:none,1:none,,1,Luxembourg,2000
565,4:critical,4:critical,,1,'United Arab Emirates',1980
566,1:none,1:none,,1,Colombia,1970
567,1:none,1:none,,1,Yemen,1965
568,1:none,1:none,,1,Ghana,2005
569,1:none,1:none,,1,Bangladesh,1970
570,1:none,1:none,,1,Mexico,1985
571,3:low,3:low,,0.995,'Saudi Arabia',1965
572,1:none,1:none,,1,Zambia,2010
573,1:none,1:none,,1,Slovenia,2000
574,1:none,1:none,,1,Pakistan,1965
575,5:high,5:high,,1,'Iran (Islamic Republic of)',2000
576,1:none,1:none,,1,'Democratic Peoples Republic of Korea',2010
577,3:low,3:low,,1,Lebanon,2000
578,1:none,1:none,,0.999,Germany,1985
579,1:none,1:none,,1,Yemen,1960
580,3:low,3:low,,1,'United States of America',1980
581,1:none,1:none,,1,Ethiopia,2010
582,1:none,1:none,,1,Brazil,1960
583,4:critical,4:critical,,1,Bahrain,2005
584,1:none,1:none,,1,'Saint Vincent and the Grenadines',2005
585,1:none,1:none,,1,'Saint Kitts and Nevis',1970
586,3:low,3:low,,1,'Syrian Arab Republic',1980
587,1:none,1:none,,1,Maldives,1965
588,3:low,3:low,,1,Lebanon,1995
589,1:none,1:none,,1,Mauritania,1975
590,1:none,1:none,,1,Luxembourg,1985
591,6:medium,6:medium,,0.99,Belgium,2005
592,3:low,6:medium,+,0.553,Spain,1970
593,1:none,1:none,,1,Singapore,2010
594,1:none,1:none,,1,Greece,2015
595,3:low,3:low,,1,Mexico,2010
596,6:medium,6:medium,,0.707,Oman,2010
597,1:none,1:none,,1,Netherlands,1985
598,1:none,1:none,,1,'South Sudan',2010
599,1:none,1:none,,1,Lesotho,1960
600,1:none,1:none,,1,'United Republic of Tanzania',2000
601,1:none,1:none,,1,Comoros,2010
602,1:none,1:none,,1,Malaysia,1980
603,4:critical,4:critical,,1,Qatar,2005
604,1:none,1:none,,1,Nicaragua,1995
605,1:none,1:none,,1,Uruguay,2010
606,1:none,1:none,,1,Sweden,2005
607,1:none,1:none,,1,Paraguay,2010
608,1:none,1:none,,1,Fiji,1975
609,1:none,1:none,,1,Barbados,1985
610,1:none,1:none,,1,Indonesia,1975
611,5:high,5:high,,1,Tunisia,2010
612,1:none,1:none,,1,Jamaica,2005
613,1:none,1:none,,1,'Antigua and Barbuda',1960
614,1:none,1:none,,1,Colombia,1975
615,1:none,1:none,,1,Finland,1965
616,1:none,1:none,,1,Myanmar,1985
617,1:none,1:none,,1,Monaco,2000
618,1:none,1:none,,1,Guinea-Bissau,1970
619,3:low,3:low,,1,Mauritius,1995
620,1:none,1:none,,1,'Saint Lucia',2005
621,1:none,1:none,,1,'El Salvador',1980
622,1:none,1:none,,1,Seychelles,2000
623,2:alert,6:medium,+,1,Spain,1985
624,1:none,1:none,,1,Cambodia,1990
625,3:low,3:low,,1,Iraq,2005
626,1:none,1:none,,1,Angola,1985
627,1:none,1:none,,1,Hungary,1995
628,1:none,1:none,,1,Guinea,1965
629,3:low,3:low,,0.982,Oman,1995
630,6:medium,6:medium,,1,Spain,1995
631,1:none,1:none,,1,Belgium,1960
632,3:low,6:medium,+,0.999,'Dominican Republic',2015
633,1:none,1:none,,1,Lithuania,2015
634,1:none,1:none,,1,Germany,1965
635,1:none,1:none,,1,'Papua New Guinea',1980
636,1:none,1:none,,1,Angola,1995
637,1:none,1:none,,1,'Democratic Republic of the Congo',1975
638,1:none,1:none,,1,'Iran (Islamic Republic of)',1980
639,4:critical,4:critical,,0.997,Oman,1990
640,4:critical,4:critical,,1,Jordan,2010
641,1:none,1:none,,1,Cyprus,1965
642,1:none,1:none,,0.999,Lebanon,1970
643,3:low,3:low,,1,Mauritius,2000
644,6:medium,6:medium,,1,Germany,2000
645,1:none,1:none,,1,Germany,1960
646,1:none,1:none,,1,'The former Yugoslav Republic of Macedonia',2000
647,1:none,1:none,,1,Monaco,1990
648,1:none,1:none,,1,'Occupied Palestinian Territory',1975
649,4:critical,4:critical,,1,Turkmenistan,2000
650,1:none,1:none,,1,Dominica,1975
651,1:none,1:none,,1,Ghana,1970
652,1:none,1:none,,1,Haiti,2000
653,1:none,1:none,,1,'Equatorial Guinea',1990
654,1:none,1:none,,1,Iceland,1975
655,1:none,1:none,,1,Sweden,2000
656,2:alert,2:alert,,0.988,Belgium,2000
657,1:none,1:none,,1,Lesotho,1975
658,1:none,1:none,,1,Cambodia,2005
659,1:none,1:none,,1,Burundi,1985
660,1:none,1:none,,1,Peru,2000
661,1:none,1:none,,1,Namibia,1985
662,1:none,1:none,,1,Swaziland,1970
663,1:none,1:none,,1,Togo,1985
664,1:none,1:none,,1,Namibia,2010
665,1:none,1:none,,1,Comoros,2000
666,1:none,1:none,,1,Namibia,1975
667,1:none,1:none,,1,Morocco,1960
668,1:none,1:none,,1,Lithuania,2005
669,1:none,1:none,,1,Indonesia,2005
670,3:low,3:low,,1,Denmark,1970
671,6:medium,6:medium,,1,Bulgaria,2010
672,1:none,1:none,,1,'Saint Vincent and the Grenadines',2010
673,1:none,1:none,,1,Australia,1980
674,1:none,1:none,,1,Madagascar,1985
675,1:none,1:none,,1,Nicaragua,1965
676,1:none,1:none,,1,Namibia,1990
677,6:medium,6:medium,,1,Kyrgyzstan,2000
678,1:none,1:none,,1,Kenya,1970
679,1:none,1:none,,1,Myanmar,1980
680,1:none,1:none,,1,Comoros,1960
681,1:none,1:none,,1,Colombia,1960
682,1:none,1:none,,1,Albania,1965
683,1:none,1:none,,1,'Syrian Arab Republic',1970
684,1:none,1:none,,1,Guinea,2005
685,1:none,1:none,,1,Botswana,1970
686,1:none,1:none,,1,Cuba,2000
687,1:none,1:none,,1,'New Zealand',1990
688,1:none,1:none,,1,France,1965
689,3:low,3:low,,1,France,2015
690,1:none,1:none,,1,Seychelles,1980
691,1:none,1:none,,1,Mongolia,2015
692,1:none,1:none,,1,Greece,1965
693,1:none,1:none,,1,Liberia,1960
694,4:critical,4:critical,,1,Qatar,1990
695,1:none,1:none,,1,Rwanda,2010
696,1:none,1:none,,1,Slovakia,2015
697,1:none,1:none,,1,Guatemala,2005
698,3:low,3:low,,1,Cyprus,2005
699,6:medium,6:medium,,1,Morocco,2015
700,1:none,1:none,,1,Zambia,2005
701,1:none,1:none,,1,Mongolia,1990
702,1:none,1:none,,1,Finland,1975
703,1:none,1:none,,1,Singapore,2015
704,1:none,1:none,,1,Jamaica,1980
705,1:none,1:none,,1,Portugal,1975
706,1:none,1:none,,1,Ireland,1980
707,1:none,1:none,,1,Burundi,2015
708,4:critical,4:critical,,1,Israel,1995
709,1:none,1:none,,1,'Bolivia (Plurinational State of)',2005
710,1:none,1:none,,1,'Russian Federation',2015
711,1:none,1:none,,1,Uganda,1970
712,1:none,1:none,,1,Mongolia,2000
713,1:none,1:none,,1,Iceland,1960
714,3:low,3:low,,1,Bahrain,1985
715,4:critical,4:critical,,1,Israel,1990
716,1:none,1:none,,1,Togo,2005
717,6:medium,6:medium,,1,Morocco,1985
718,1:none,1:none,,1,Argentina,1965
719,1:none,1:none,,1,'El Salvador',2015
720,1:none,1:none,,1,Haiti,1995
721,1:none,1:none,,1,'Saint Lucia',1990
722,1:none,1:none,,1,Serbia,2010
723,1:none,1:none,,1,'South Africa',1970
724,1:none,1:none,,1,Senegal,1965
725,1:none,1:none,,1,Haiti,1970
726,1:none,1:none,,1,Paraguay,1995
727,1:none,1:none,,1,Cyprus,1970
728,1:none,1:none,,1,Belize,2010
729,4:critical,4:critical,,1,Turkmenistan,2005
730,2:alert,2:alert,,0.996,Egypt,2005
731,1:none,1:none,,1,'Sierra Leone',1980
732,1:none,1:none,,1,Mexico,1995
733,1:none,1:none,,1,Lesotho,1970
734,5:high,5:high,,1,Tunisia,1990
735,1:none,1:none,,1,Botswana,2015
736,1:none,1:none,,1,Mongolia,1995
737,1:none,1:none,,1,Senegal,1970
738,1:none,1:none,,1,Lesotho,1990
739,1:none,1:none,,1,Grenada,1980
740,1:none,1:none,,1,Comoros,2015
741,1:none,1:none,,1,Albania,2010
742,1:none,1:none,,0.981,Sudan,2015
743,1:none,1:none,,1,'New Zealand',2015
744,1:none,1:none,,1,Portugal,2015
745,3:low,3:low,,1,Japan,2010
746,1:none,1:none,,1,'Antigua and Barbuda',1975
747,1:none,1:none,,1,Australia,2005
748,1:none,1:none,,1,Norway,1970
749,1:none,1:none,,1,Seychelles,2015
750,1:none,1:none,,1,Belarus,2005
751,1:none,1:none,,1,Timor-Leste,1980
752,1:none,1:none,,0.667,Somalia,2010
753,1:none,1:none,,1,Malawi,2015
754,3:low,3:low,,0.992,Barbados,2010
755,3:low,3:low,,1,Mexico,2005
756,3:low,3:low,,1,Poland,1970
757,1:none,1:none,,1,Myanmar,1975
758,1:none,1:none,,1,Panama,1970
759,1:none,1:none,,1,Mozambique,2005
760,1:none,1:none,,1,'Dominican Republic',1970
761,1:none,1:none,,1,Colombia,2005
762,1:none,1:none,,1,Brazil,1975
763,1:none,1:none,,1,Jamaica,1985
764,1:none,1:none,,1,Lebanon,1990
765,1:none,1:none,,1,Chile,2000
766,1:none,1:none,,1,Suriname,2015
767,3:low,3:low,,1,Mexico,2000
768,1:none,1:none,,1,'United States of America',1970
769,1:none,1:none,,1,Suriname,1970
770,1:none,1:none,,1,Lesotho,2005
771,1:none,1:none,,1,Ecuador,2005
772,1:none,1:none,,1,Guinea-Bissau,1985
773,1:none,1:none,,1,Switzerland,1980
774,1:none,1:none,,1,Albania,1990
775,4:critical,4:critical,,1,'United Arab Emirates',1970
776,1:none,1:none,,1,Namibia,1965
777,1:none,1:none,,1,Mozambique,1980
778,1:none,1:none,,0.993,Barbados,1990
779,6:medium,6:medium,,0.998,Uzbekistan,2010
780,1:none,1:none,,1,'Burkina Faso',1995
781,3:low,3:low,,1,Estonia,2005
782,1:none,1:none,,1,Hungary,2005
783,4:critical,4:critical,,1,Egypt,1975
784,4:critical,4:critical,,1,Turkmenistan,1990
785,1:none,1:none,,1,Timor-Leste,2000
786,6:medium,6:medium,,1,Kyrgyzstan,1995
787,3:low,3:low,,1,France,1980
788,1:none,1:none,,1,Nepal,1995
789,1:none,1:none,,1,'Saint Vincent and the Grenadines',1990
790,1:none,1:none,,1,'United Kingdom',1985
791,1:none,1:none,,1,Colombia,2015
792,1:none,1:none,,1,Bangladesh,2015
793,1:none,1:none,,1,Honduras,1990
794,1:none,1:none,,1,'Occupied Palestinian Territory',1980
795,1:none,1:none,,1,Kenya,2010
796,6:medium,6:medium,,1,Bulgaria,2015
797,1:none,1:none,,1,Maldives,1960
798,1:none,1:none,,1,'The former Yugoslav Republic of Macedonia',2015
799,1:none,1:none,,1,Philippines,1985
800,1:none,1:none,,1,Australia,2015
801,1:none,1:none,,1,'El Salvador',2010
802,1:none,1:none,,1,'Cabo Verde',1975
803,1:none,1:none,,1,Ghana,2000
804,1:none,1:none,,1,Haiti,1980
805,1:none,1:none,,1,Norway,1995
806,1:none,1:none,,1,Benin,1960
807,1:none,1:none,,1,Botswana,1995
808,6:medium,6:medium,,1,Germany,2010
809,1:none,1:none,,1,India,1960
810,1:none,1:none,,1,Romania,2010
811,1:none,1:none,,1,Finland,2000
812,1:none,1:none,,1,'New Zealand',1980
813,1:none,1:none,,1,Dominica,2000
814,6:medium,6:medium,,1,'Iran (Islamic Republic of)',2010
815,4:critical,4:critical,,1,'United Arab Emirates',2005
816,1:none,1:none,,1,Seychelles,1985
817,1:none,1:none,,1,'Bolivia (Plurinational State of)',1975
818,3:low,3:low,,1,Oman,1985
819,1:none,1:none,,1,Singapore,1985
820,1:none,1:none,,1,Togo,1995
821,3:low,3:low,,0.999,'Puerto Rico',2005
822,3:low,3:low,,1,China,2000
823,1:none,1:none,,1,'Cote dIvoire',2010
824,1:none,1:none,,1,Burundi,1965
825,1:none,1:none,,1,Timor-Leste,1990
826,1:none,1:none,,1,'Brunei Darussalam',1960
827,1:none,1:none,,1,Germany,1970
828,1:none,1:none,,1,'Saint Kitts and Nevis',1980
829,4:critical,4:critical,,1,Kuwait,1975
830,1:none,1:none,,1,Slovakia,2010
831,1:none,1:none,,1,Peru,1975
832,1:none,1:none,,1,Panama,1990
833,1:none,1:none,,1,Myanmar,2000
834,1:none,1:none,,1,Djibouti,2005
835,1:none,1:none,,1,Oman,1980
836,1:none,1:none,,1,Bahrain,1960
837,1:none,1:none,,1,Norway,1980
838,1:none,1:none,,1,Guatemala,1965
839,1:none,1:none,,1,Zambia,1970
840,1:none,1:none,,1,Burundi,1975
841,3:low,3:low,,1,'Sri Lanka',1990
842,1:none,1:none,,1,Peru,2010
843,1:none,1:none,,1,Myanmar,2015
844,1:none,1:none,,1,Bhutan,1995
845,1:none,1:none,,1,Australia,1985
846,3:low,3:low,,1,Ukraine,1990
847,1:none,1:none,,1,'South Africa',1985
848,5:high,5:high,,0.995,'Saudi Arabia',1975
849,1:none,1:none,,1,Japan,1970
850,6:medium,6:medium,,1,Bulgaria,2005
851,1:none,1:none,,1,Switzerland,1975
852,4:critical,4:critical,,1,'United Arab Emirates',1990
853,1:none,1:none,,1,Philippines,1970
854,4:critical,5:high,+,0.983,Pakistan,2010
855,1:none,1:none,,1,Georgia,2005
856,1:none,1:none,,1,Sweden,1965
857,1:none,1:none,,1,Bangladesh,1975
858,1:none,1:none,,1,Grenada,1990
859,1:none,1:none,,1,Guinea,1985
860,1:none,1:none,,1,Djibouti,1990
861,1:none,1:none,,1,Chile,1980
862,3:low,3:low,,1,Japan,1990
863,1:none,1:none,,1,'Costa Rica',2010
864,1:none,1:none,,1,Bhutan,1960
865,1:none,1:none,,1,'Democratic Republic of the Congo',2015
866,1:none,1:none,,1,Seychelles,1960
867,1:none,1:none,,1,'Equatorial Guinea',2000
868,4:critical,4:critical,,1,Jordan,2015
869,1:none,1:none,,1,Ecuador,1985
870,3:low,3:low,,1,'Republic of Korea',2015
871,3:low,3:low,,1,Japan,1995
872,1:none,1:none,,1,Swaziland,1960
873,1:none,1:none,,1,Guinea-Bissau,2005
874,2:alert,2:alert,,1,Morocco,2000
875,6:medium,6:medium,,1,Azerbaijan,2005
876,2:alert,2:alert,,0.998,Qatar,1970
877,1:none,1:none,,1,Uruguay,2015
878,1:none,1:none,,1,Slovenia,2010
879,1:none,1:none,,1,Guinea,1975
880,1:none,1:none,,1,Haiti,2010
881,1:none,1:none,,1,Burundi,1990
882,1:none,1:none,,1,Ireland,1970
883,1:none,1:none,,1,Netherlands,1965
884,1:none,1:none,,1,Guatemala,2015
885,1:none,1:none,,1,Fiji,1995
886,1:none,1:none,,1,Finland,1960
887,6:medium,6:medium,,1,Bahrain,2000
888,1:none,1:none,,1,'Cote dIvoire',1970
889,1:none,1:none,,1,Thailand,1990
890,1:none,1:none,,1,Mauritania,2000
891,1:none,1:none,,1,Nigeria,1995
892,6:medium,6:medium,,1,'Republic of Korea',2005
893,1:none,1:none,,1,India,1970
894,1:none,1:none,,1,'Sri Lanka',1975
895,1:none,1:none,,1,Swaziland,2010
896,3:low,3:low,,1,Malta,1990
897,1:none,1:none,,1,'Republic of Korea',1970
898,1:none,1:none,,1,Rwanda,2005
899,3:low,3:low,,1,Cyprus,1985
900,1:none,1:none,,1,Togo,2000
901,4:critical,4:critical,,1,Bahrain,1990
902,1:none,1:none,,1,'Bolivia (Plurinational State of)',1980
903,1:none,1:none,,1,Georgia,2015
904,3:low,3:low,,1,Kazakhstan,2005
905,2:alert,2:alert,,1,Tajikistan,1995
906,1:none,1:none,,1,Fiji,1960
907,2:alert,6:medium,+,0.998,Iraq,1990
908,1:none,1:none,,1,'Saint Kitts and Nevis',1985
909,1:none,1:none,,1,Uganda,1965
910,1:none,1:none,,0.999,Kazakhstan,2015
911,1:none,1:none,,1,Guinea-Bissau,1980
912,1:none,1:none,,1,Belize,1995
913,1:none,1:none,,1,Madagascar,1960
914,3:low,3:low,,1,Iraq,1960
915,1:none,1:none,,1,Burundi,1970
916,1:none,1:none,,1,Singapore,2000
917,1:none,1:none,,1,Uruguay,1980
918,1:none,1:none,,1,Peru,1960
919,1:none,1:none,,1,Zambia,1965
920,1:none,1:none,,1,Honduras,2010
921,1:none,1:none,,1,Zambia,1990
922,3:low,3:low,,1,Somalia,2005
923,1:none,1:none,,1,Senegal,2015
924,1:none,1:none,,1,Bangladesh,2000
925,4:critical,4:critical,,1,'United Arab Emirates',1985
926,1:none,1:none,,1,Angola,2005
927,1:none,1:none,,1,Chad,1970
928,1:none,1:none,,1,Benin,2015
929,1:none,1:none,,1,'Occupied Palestinian Territory',1960
930,6:medium,6:medium,,0.963,Algeria,2015
931,1:none,1:none,,1,Indonesia,1985
932,1:none,1:none,,1,'United States of America',1995
933,1:none,1:none,,1,Mexico,1965
934,1:none,1:none,,1,'El Salvador',1990
935,3:low,3:low,,1,Czechia,2010
936,1:none,1:none,,1,'Equatorial Guinea',1980
937,1:none,1:none,,1,'Brunei Darussalam',1970
938,1:none,1:none,,1,'Antigua and Barbuda',1970
939,1:none,1:none,,1,Hungary,1970
940,1:none,1:none,,1,Senegal,1990
941,1:none,1:none,,1,Cuba,1980
942,3:low,3:low,,1,Algeria,1980
943,1:none,1:none,,1,Benin,1970
944,1:none,1:none,,1,Somalia,1985
945,1:none,1:none,,1,'Central African Republic',2000
946,1:none,1:none,,1,Norway,2010
947,3:low,3:low,,1,India,1975
948,3:low,3:low,,1,Armenia,2000
949,1:none,1:none,,1,Thailand,2015
950,1:none,1:none,,1,'Cabo Verde',1960
951,1:none,1:none,,1,Zimbabwe,1960
952,1:none,1:none,,1,Gambia,1975
953,1:none,1:none,,1,Timor-Leste,1960
954,1:none,1:none,,1,Namibia,1995
955,2:alert,2:alert,,1,Tajikistan,2005
956,6:medium,6:medium,,1,Germany,1990
957,1:none,1:none,,1,'United Republic of Tanzania',1965
958,6:medium,6:medium,,1,Uzbekistan,2015
959,1:none,1:none,,1,Sweden,2010
960,6:medium,6:medium,,1,Spain,1980
961,1:none,1:none,,1,Afghanistan,1980
962,1:none,1:none,,1,Liberia,2015
963,5:high,5:high,,0.993,Israel,1965
964,1:none,1:none,,1,Mexico,1975
965,1:none,1:none,,1,Fiji,1980
966,1:none,1:none,,1,Seychelles,2005
967,1:none,1:none,,1,Croatia,2005
968,6:medium,6:medium,,1,Algeria,1990
969,1:none,1:none,,1,Liberia,1975
970,1:none,1:none,,1,Niger,1975
971,1:none,1:none,,1,Paraguay,2015
972,1:none,1:none,,1,'Antigua and Barbuda',1995
973,1:none,1:none,,1,France,1970
974,1:none,1:none,,1,Japan,1960
975,1:none,1:none,,1,Switzerland,1995
976,1:none,1:none,,1,'Saint Vincent and the Grenadines',1985
977,3:low,3:low,,1,Qatar,1960
978,1:none,1:none,,1,Suriname,2005
979,1:none,1:none,,1,Maldives,2015
980,1:none,1:none,,1,Rwanda,1970
981,1:none,1:none,,1,Ireland,2015
982,1:none,1:none,,1,'Lao Peoples Democratic Republic',1970
983,1:none,1:none,,1,Norway,1975
984,1:none,1:none,,1,'Antigua and Barbuda',2015
985,1:none,1:none,,1,Sweden,1995
986,1:none,1:none,,1,Brazil,1980
987,1:none,1:none,,1,Finland,1990
988,1:none,1:none,,1,Romania,2015
989,1:none,1:none,,1,Paraguay,1980
990,6:medium,6:medium,,1,'Republic of Korea',1995
991,1:none,1:none,,1,Ukraine,2000
992,6:medium,6:medium,,1,Spain,2000
993,1:none,1:none,,0.998,Ukraine,1995
994,1:none,1:none,,1,Finland,2010
995,2:alert,2:alert,,0.994,Malta,2000
996,1:none,1:none,,1,Chad,1975
997,6:medium,6:medium,,1,'South Africa',2015
998,1:none,1:none,,1,Brazil,2000
999,1:none,1:none,,1,Uruguay,1965
1000,1:none,1:none,,1,'Cote dIvoire',1960
1001,1:none,1:none,,1,'Cote dIvoire',2005
1002,1:none,1:none,,1,'Sri Lanka',1960
1003,1:none,1:none,,0.998,'United States of America',2015
1004,1:none,1:none,,1,Burundi,2010
1005,1:none,1:none,,1,Nigeria,2000
1006,2:alert,2:alert,,1,Algeria,2000
1007,1:none,1:none,,1,Ireland,1960
1008,4:critical,4:critical,,1,Libya,2010
1009,1:none,1:none,,1,'United Kingdom',1965
1010,1:none,1:none,,0.992,Cuba,2010
1011,1:none,1:none,,1,Rwanda,1965
1012,1:none,1:none,,1,'Papua New Guinea',1970
1013,3:low,3:low,,0.982,Denmark,2000
1014,5:high,4:critical,+,0.964,Jordan,1985
1015,1:none,1:none,,1,Australia,2000
1016,3:low,3:low,,1,'Sri Lanka',2005
1017,1:none,1:none,,1,Chile,1970
1018,1:none,1:none,,1,Norway,2015
1019,1:none,1:none,,1,Togo,1970
1020,1:none,1:none,,1,Namibia,2015
1021,1:none,1:none,,1,Belize,1985
1022,1:none,1:none,,1,Lebanon,2010
1023,1:none,1:none,,0.999,Mauritius,2010
1024,3:low,3:low,,1,Cyprus,2015
1025,1:none,3:low,+,1,'The former Yugoslav Republic of Macedonia',1990
1026,1:none,1:none,,1,'United Kingdom',1975
1027,1:none,1:none,,1,'Puerto Rico',1990
1028,1:none,1:none,,0.998,Malta,1975
1029,1:none,1:none,,1,Philippines,1980
1030,1:none,1:none,,1,'Puerto Rico',1995
1031,1:none,1:none,,1,Cameroon,1970
1032,1:none,1:none,,1,Honduras,1980
1033,1:none,1:none,,1,Mozambique,2010
1034,1:none,1:none,,1,Portugal,1985
1035,1:none,1:none,,1,Haiti,2015
1036,1:none,1:none,,1,Sweden,1985
1037,1:none,1:none,,1,Austria,1995
1038,1:none,1:none,,1,Ecuador,1960
1039,1:none,1:none,,1,Guinea,2010
1040,1:none,1:none,,1,Seychelles,1970
1041,1:none,1:none,,1,'Democratic Peoples Republic of Korea',2015
1042,1:none,1:none,,1,'Brunei Darussalam',1985
1043,1:none,1:none,,1,Estonia,2000
1044,1:none,1:none,,1,Albania,1995
1045,1:none,1:none,,1,Switzerland,1960
1046,1:none,1:none,,1,'Antigua and Barbuda',1985
1047,1:none,1:none,,1,Croatia,1990
1048,1:none,1:none,,1,Myanmar,1960
1049,3:low,3:low,,1,Turkey,2005
1050,1:none,1:none,,1,'Trinidad and Tobago',2005
1051,1:none,1:none,,1,'Saint Lucia',1975
1052,1:none,1:none,,1,Congo,1995
1053,1:none,1:none,,0.988,Italy,2015
1054,1:none,1:none,,1,Afghanistan,2015
1055,1:none,1:none,,1,Jamaica,2000
1056,3:low,3:low,,1,Lithuania,1995
1057,6:medium,6:medium,,1,Spain,1975
1058,1:none,1:none,,1,'Venezuela (Bolivarian Republic of)',1980
1059,3:low,3:low,,1,Tunisia,1970
1060,1:none,1:none,,1,Thailand,1980
1061,1:none,1:none,,1,'Cote dIvoire',1965
1062,1:none,1:none,,1,'Lao Peoples Democratic Republic',2005
1063,1:none,1:none,,1,Mexico,1990
1064,3:low,3:low,,1,Denmark,1980
1065,1:none,1:none,,1,Panama,1960
1066,3:low,3:low,,1,France,2005
1067,1:none,1:none,,1,'Saint Kitts and Nevis',2015
1068,3:low,3:low,,1,'Syrian Arab Republic',1985
1069,4:critical,4:critical,,1,Qatar,2000
1070,1:none,1:none,,1,Hungary,1980
1071,1:none,1:none,,1,'United Arab Emirates',1960
1072,5:high,5:high,,1,Iraq,2000
1073,1:none,1:none,,1,Haiti,2005
1074,1:none,1:none,,1,Rwanda,2000
1075,1:none,1:none,,1,Fiji,1985
1076,1:none,1:none,,1,Gabon,1960
1077,1:none,1:none,,1,Ukraine,2010
1078,1:none,1:none,,1,Liberia,1995
1079,1:none,1:none,,1,Honduras,2015
1080,1:none,1:none,,1,Mauritius,1985
1081,1:none,1:none,,1,Panama,2015
1082,1:none,1:none,,1,Panama,1980
1083,1:none,1:none,,1,Congo,2010
1084,1:none,1:none,,1,'Iran (Islamic Republic of)',1960
1085,3:low,3:low,,0.999,Spain,1965
1086,3:low,3:low,,1,Portugal,2000
1087,1:none,1:none,,1,'Saint Vincent and the Grenadines',1970
1088,1:none,1:none,,1,Rwanda,2015
1089,3:low,3:low,,1,'Occupied Palestinian Territory',2000
1090,4:critical,4:critical,,1,Oman,2005
1091,4:critical,4:critical,,1,Kuwait,2015
1092,1:none,1:none,,1,'South Africa',1980
1093,1:none,1:none,,1,'Venezuela (Bolivarian Republic of)',1965
1094,1:none,1:none,,1,Togo,1990
1095,3:low,3:low,,1,Lebanon,2005
1096,1:none,1:none,,1,'Equatorial Guinea',1975
1097,1:none,1:none,,1,'Occupied Palestinian Territory',1970
1098,1:none,1:none,,1,Indonesia,2000
1099,1:none,1:none,,1,Nigeria,2005
1100,1:none,1:none,,1,Gabon,1975
1101,1:none,1:none,,1,Albania,1980
1102,1:none,1:none,,1,'Equatorial Guinea',2010
1103,1:none,1:none,,0.999,'Puerto Rico',2000
1104,1:none,1:none,,1,Latvia,2015
1105,4:critical,4:critical,,1,'Saudi Arabia',1985
1106,1:none,1:none,,1,Turkey,1960
1107,1:none,1:none,,1,Luxembourg,1995
1108,1:none,1:none,,1,Kenya,1995
1109,1:none,1:none,,1,Dominica,1970
1110,5:high,5:high,,0.98,Israel,1960
1111,1:none,1:none,,1,Gabon,1980
1112,1:none,1:none,,1,'Saint Vincent and the Grenadines',1975
1113,3:low,3:low,,1,China,2005
1114,1:none,1:none,,1,Seychelles,2010
1115,3:low,3:low,,1,Mauritius,2005
1116,1:none,1:none,,1,Greece,2000
1117,3:low,3:low,,0.683,Egypt,1985
1118,1:none,1:none,,1,Peru,1970
1119,6:medium,6:medium,,1,India,2000
1120,1:none,1:none,,1,'Puerto Rico',2015
1121,1:none,1:none,,1,Luxembourg,1970
1122,1:none,1:none,,1,Cambodia,2000
1123,1:none,1:none,,1,Jamaica,1995
1124,1:none,1:none,,1,Indonesia,1960
1125,1:none,1:none,,1,Nigeria,1965
1126,1:none,1:none,,1,Niger,2015
1127,4:critical,4:critical,,1,Libya,1970
1128,1:none,1:none,,1,Liberia,1990
1129,1:none,1:none,,1,Senegal,2005
1130,1:none,1:none,,1,Switzerland,1990
1131,1:none,1:none,,1,Kenya,1980
1132,1:none,1:none,,1,Hungary,1960
1133,3:low,3:low,,1,China,1995
1134,1:none,1:none,,1,'Democratic Peoples Republic of Korea',1985
1135,1:none,1:none,,1,Canada,1995
1136,1:none,1:none,,1,Somalia,1965
1137,1:none,1:none,,1,Mali,1990
1138,5:high,5:high,,1,Pakistan,2000
1139,1:none,1:none,,1,Rwanda,1960
1140,1:none,1:none,,1,Norway,2005
1141,6:medium,6:medium,,1,Morocco,1995
1142,1:none,1:none,,1,Liberia,1965
1143,1:none,1:none,,1,'Bolivia (Plurinational State of)',2010
1144,1:none,1:none,,1,Lesotho,1980
1145,1:none,1:none,,1,Maldives,1985
1146,1:none,1:none,,1,'Puerto Rico',1970
1147,4:critical,4:critical,,1,Kuwait,1990
1148,6:medium,6:medium,,0.999,Armenia,2005
1149,1:none,1:none,,1,Zambia,2015
1150,1:none,1:none,,1,'Saint Kitts and Nevis',2005
1151,6:medium,6:medium,,0.987,'Syrian Arab Republic',2010
1152,3:low,3:low,,1,Japan,2005
1153,1:none,1:none,,1,'Bolivia (Plurinational State of)',1970
1154,1:none,1:none,,1,Uruguay,2000
1155,1:none,1:none,,1,Swaziland,2015
1156,1:none,1:none,,1,Chad,1985
1157,1:none,1:none,,1,'Saint Lucia',1960
1158,1:none,1:none,,1,Gambia,1990
1159,1:none,1:none,,1,Liberia,1980
1160,1:none,1:none,,1,Ireland,2010
1161,1:none,1:none,,1,Peru,1985
1162,1:none,1:none,,1,Guatemala,1960
1163,1:none,1:none,,1,'Burkina Faso',1985
1164,1:none,1:none,,1,Malawi,2005
1165,3:low,3:low,,1,Turkey,2000
1166,1:none,1:none,,1,'Saint Lucia',1995
1167,1:none,1:none,,0.986,Bulgaria,1960
1168,1:none,1:none,,1,Mauritania,1965
1169,3:low,3:low,,1,Iraq,1970
1170,1:none,1:none,,1,Algeria,1960
1171,1:none,1:none,,1,Djibouti,2015
1172,1:none,1:none,,1,Ethiopia,2015
1173,1:none,1:none,,1,Bangladesh,2005
1174,1:none,1:none,,1,Australia,1995
1175,1:none,1:none,,1,Nepal,2015
1176,3:low,3:low,,0.997,'Republic of Korea',2010
1177,1:none,1:none,,1,Eritrea,2015
1178,3:low,3:low,,1,Bulgaria,1970
1179,3:low,3:low,,0.978,India,2015
1180,1:none,1:none,,1,Namibia,2005
1181,1:none,1:none,,1,Guinea-Bissau,1975
1182,1:none,1:none,,1,'Republic of Korea',1960
1183,1:none,1:none,,1,'Burkina Faso',1990
1184,1:none,3:low,+,0.985,'Saudi Arabia',1960
1185,1:none,1:none,,1,Nicaragua,1990
1186,6:medium,6:medium,,1,Iraq,1980
1187,1:none,1:none,,1,'United Kingdom',2005
1188,1:none,1:none,,1,Belarus,2010
1189,1:none,1:none,,0.986,Denmark,2005
1190,1:none,1:none,,1,Gabon,1965
1191,1:none,1:none,,1,Comoros,1985
1192,3:low,3:low,,1,Cuba,2015
1193,1:none,1:none,,1,Cameroon,1990
1194,4:critical,4:critical,,1,'Saudi Arabia',2000
1195,1:none,1:none,,1,Pakistan,1960
1196,1:none,1:none,,1,'Saint Lucia',2000
1197,6:medium,6:medium,,1,Morocco,1990
1198,1:none,1:none,,1,Norway,1990
1199,3:low,3:low,,1,Poland,1965
1200,1:none,1:none,,1,Bhutan,2015
1201,1:none,1:none,,1,Chile,2015
1202,1:none,1:none,,1,'Dominican Republic',1985
1203,1:none,1:none,,1,'Saint Kitts and Nevis',1960
1204,1:none,1:none,,1,Maldives,1970
1205,3:low,3:low,,0.992,Algeria,1995
1206,1:none,1:none,,1,Mongolia,2010
1207,1:none,1:none,,1,'United Republic of Tanzania',1985
1208,3:low,3:low,,0.995,Belgium,1990
1209,1:none,1:none,,1,'El Salvador',1965
1210,1:none,1:none,,1,Romania,1960
1211,1:none,1:none,,1,Honduras,1985
1212,5:high,5:high,,0.998,Barbados,2005
1213,1:none,1:none,,1,'United Republic of Tanzania',1980
1214,1:none,1:none,,1,Mauritius,1960
1215,3:low,3:low,,1,China,2015
1216,1:none,1:none,,1,Togo,1960
1217,1:none,1:none,,1,Colombia,1990
1218,4:critical,4:critical,,1,'United Arab Emirates',2010
1219,1:none,1:none,,1,'Saint Kitts and Nevis',1995
1220,1:none,1:none,,1,Canada,2005
1221,1:none,1:none,,1,Haiti,1965
1222,1:none,1:none,,1,Seychelles,1965
1223,1:none,1:none,,1,Paraguay,1975
1224,4:critical,4:critical,,1,Uzbekistan,2005
1225,1:none,1:none,,1,'Trinidad and Tobago',1965
1226,1:none,1:none,,1,'Antigua and Barbuda',2005
1227,3:low,3:low,,1,Kazakhstan,2010
1228,1:none,1:none,,1,'New Zealand',1970
1229,3:low,3:low,,1,Mexico,2015
1230,1:none,1:none,,1,Malaysia,2015
1231,6:medium,6:medium,,1,Belgium,2010
1232,1:none,1:none,,1,'Papua New Guinea',1960
1233,1:none,1:none,,1,'Costa Rica',1985
1234,1:none,1:none,,1,Croatia,2000
1235,1:none,1:none,,1,Albania,2005
1236,1:none,1:none,,1,Maldives,2005
1237,1:none,1:none,,1,Mongolia,1975
1238,3:low,3:low,,0.955,Malta,2010
1239,3:low,3:low,,1,'Iran (Islamic Republic of)',1985
1240,1:none,1:none,,1,'Russian Federation',2005
1241,1:none,1:none,,1,Uruguay,1985
1242,1:none,1:none,,1,'Cabo Verde',1980
1243,3:low,3:low,,1,Czechia,2000
1244,1:none,1:none,,1,Ecuador,2000
1245,1:none,1:none,,1,Panama,1985
1246,1:none,1:none,,1,Mozambique,1995
1247,1:none,1:none,,1,Fiji,1965
1248,1:none,1:none,,1,Timor-Leste,1970
1249,1:none,1:none,,1,Benin,1965
1250,1:none,1:none,,1,'Republic of Korea',1980
1251,1:none,1:none,,1,'Sierra Leone',2010
1252,1:none,1:none,,1,Belize,2000
1253,1:none,1:none,,1,Thailand,2005
1254,3:low,3:low,,0.997,Tunisia,1965
1255,6:medium,6:medium,,1,'Occupied Palestinian Territory',2005
1256,1:none,1:none,,1,'Dominican Republic',1975
1257,1:none,1:none,,1,'Sri Lanka',1970
1258,1:none,1:none,,1,'Saint Lucia',1965
1259,1:none,1:none,,1,Nepal,1985
1260,4:critical,4:critical,,1,Israel,1970
1261,4:critical,4:critical,,1,Israel,1985
1262,1:none,1:none,,0.998,Japan,1985
1263,1:none,1:none,,1,Guyana,2015
1264,1:none,1:none,,1,Guinea-Bissau,1960
1265,3:low,3:low,,1,Italy,2000
1266,1:none,1:none,,1,Belarus,1995
1267,1:none,1:none,,1,Switzerland,2010
1268,1:none,1:none,,1,Austria,1975
1269,1:none,1:none,,1,'Antigua and Barbuda',1980
1270,1:none,1:none,,1,Luxembourg,2010
1271,1:none,1:none,,1,Belize,1990
1272,1:none,1:none,,1,Peru,2005
1273,1:none,1:none,,1,Georgia,1990
1274,1:none,1:none,,1,'Trinidad and Tobago',1960
1275,1:none,1:none,,1,'United Republic of Tanzania',2015
1276,6:medium,6:medium,,0.879,Bulgaria,1990
1277,3:low,3:low,,1,'Sri Lanka',2000
1278,1:none,1:none,,1,Ecuador,1995
1279,3:low,3:low,,1,'United States of America',2000
1280,1:none,1:none,,1,Albania,2015
1281,1:none,1:none,,1,Zambia,1980
1282,1:none,1:none,,1,Mauritania,1995
1283,1:none,1:none,,1,'Sri Lanka',1980
1284,1:none,1:none,,1,Colombia,1965
1285,1:none,1:none,,1,'Bolivia (Plurinational State of)',1995
1286,3:low,3:low,,1,Cyprus,2010
1287,4:critical,4:critical,,1,Qatar,1995
1288,1:none,1:none,,1,Afghanistan,1990
1289,4:critical,4:critical,,1,Bulgaria,1985
1290,1:none,1:none,,1,Bangladesh,1995
1291,1:none,1:none,,1,Argentina,2000
1292,1:none,1:none,,1,Honduras,1970
1293,1:none,1:none,,1,'The former Yugoslav Republic of Macedonia',2005
1294,3:low,3:low,,1,Poland,2005
1295,1:none,1:none,,1,Honduras,1975
1296,1:none,1:none,,1,'Central African Republic',1965
1297,1:none,1:none,,1,'New Zealand',2010
1298,1:none,1:none,,1,'Russian Federation',1990
1299,4:critical,4:critical,,1,'Saudi Arabia',2010
1300,1:none,1:none,,0.998,Philippines,2015
1301,1:none,1:none,,1,Indonesia,1970
1302,2:alert,2:alert,,1,Malta,2005
1303,1:none,1:none,,1,Grenada,2000
1304,1:none,1:none,,1,'Bolivia (Plurinational State of)',1965
1305,1:none,1:none,,1,Bhutan,2010
1306,1:none,1:none,,1,'Cabo Verde',2000
1307,1:none,1:none,,1,'United Republic of Tanzania',1970
1308,1:none,1:none,,1,Dominica,2015
1309,3:low,3:low,,1,Japan,2015
1310,1:none,1:none,,1,Angola,2010
1311,1:none,1:none,,1,Colombia,1995
1312,1:none,1:none,,1,Botswana,1980
1313,3:low,3:low,,1,Swaziland,1980
1314,2:alert,2:alert,,1,Jordan,1980
1315,1:none,1:none,,1,Ghana,1980
1316,1:none,1:none,,1,Panama,1965
1317,1:none,1:none,,1,Togo,1975
1318,1:none,1:none,,1,Kenya,1960
1319,1:none,1:none,,1,'Cabo Verde',1985
1320,1:none,1:none,,1,Timor-Leste,2005
1321,4:critical,4:critical,,1,Kuwait,1995
1322,1:none,1:none,,1,Senegal,1985
1323,1:none,1:none,,1,'Sierra Leone',2005
1324,1:none,1:none,,1,Malawi,1995
1325,3:low,3:low,,1,Morocco,1970
1326,4:critical,4:critical,,0.989,Kuwait,1970
1327,1:none,1:none,,1,Serbia,2015
1328,1:none,1:none,,1,Malaysia,1970
1329,1:none,1:none,,1,Peru,2015
1330,1:none,1:none,,1,Niger,1970
1331,1:none,1:none,,1,Georgia,2000
1332,3:low,5:high,+,0.864,Barbados,2000
1333,1:none,3:low,+,0.593,China,1975
1334,1:none,1:none,,1,Croatia,2010
1335,1:none,1:none,,1,'New Zealand',1965
1336,1:none,1:none,,1,Greece,1985
1337,3:low,3:low,,1,Tajikistan,2010
1338,1:none,1:none,,1,Panama,2005
1339,6:medium,6:medium,,1,Pakistan,2005
1340,1:none,1:none,,1,Norway,1965
1341,1:none,1:none,,1,Burundi,2005
1342,1:none,1:none,,1,Cameroon,1965
1343,1:none,1:none,,1,Philippines,1975
1344,1:none,1:none,,1,Madagascar,1980
1345,1:none,1:none,,1,Sweden,1990
1346,1:none,1:none,,1,Mongolia,1980
1347,6:medium,6:medium,,1,Germany,2015
1348,1:none,1:none,,1,Mali,2000
1349,1:none,1:none,,1,Luxembourg,1960
1350,1:none,1:none,,1,Paraguay,1985
1351,1:none,1:none,,1,Kenya,2000
1352,1:none,1:none,,1,Togo,2015
1353,1:none,1:none,,1,'El Salvador',1960
1354,6:medium,6:medium,,1,Italy,2010
1355,1:none,1:none,,1,Portugal,1995
1356,1:none,1:none,,1,Haiti,1975
1357,1:none,1:none,,1,Portugal,2005
1358,1:none,1:none,,1,'Sierra Leone',1985
1359,1:none,1:none,,1,Mozambique,1990
1360,1:none,1:none,,1,Zimbabwe,1985
1361,3:low,3:low,,1,Azerbaijan,2015
1362,1:none,1:none,,1,Switzerland,2005
1363,1:none,1:none,,1,Thailand,1975
1364,3:low,3:low,,1,Iraq,2010
1365,3:low,3:low,,1,Lebanon,1975
1366,1:none,1:none,,1,Nicaragua,1980
1367,1:none,1:none,,1,Singapore,1995
1368,1:none,1:none,,1,Benin,1985
1369,1:none,1:none,,1,Switzerland,1970
1370,1:none,1:none,,1,Swaziland,1965
1371,6:medium,6:medium,,1,Belgium,2015
1372,1:none,1:none,,1,Guinea,2000
1373,1:none,1:none,,1,Comoros,1975
1374,1:none,1:none,,0.999,Egypt,1970
1375,1:none,1:none,,1,'Trinidad and Tobago',2000
1376,1:none,1:none,,1,'Democratic Republic of the Congo',1985
1377,3:low,3:low,,1,Italy,1970
1378,1:none,1:none,,1,Paraguay,2005
1379,1:none,1:none,,1,Slovakia,2000
1380,6:medium,6:medium,,1,Morocco,2010
1381,1:none,1:none,,1,Afghanistan,1965
1382,1:none,1:none,,1,'Syrian Arab Republic',1965
1383,1:none,1:none,,1,Eritrea,2000
1384,1:none,1:none,,1,Guinea,1980
1385,1:none,1:none,,1,Guyana,2005
1386,1:none,1:none,,1,Congo,2015
1387,1:none,1:none,,1,Bangladesh,2010
1388,1:none,1:none,,1,Senegal,1960
1389,1:none,1:none,,1,Singapore,2005
1390,1:none,1:none,,1,'Republic of Korea',1965
1391,1:none,1:none,,1,Belarus,2000
1392,1:none,1:none,,1,'Viet Nam',1985
1393,1:none,1:none,,1,Botswana,1960
1394,1:none,1:none,,1,Guinea,2015
1395,3:low,3:low,,1,Kazakhstan,2000
1396,3:low,3:low,,0.995,Yemen,1975
1397,1:none,1:none,,1,Zimbabwe,1980
1398,1:none,1:none,,1,Malaysia,2010
1399,1:none,1:none,,1,Botswana,2005
1400,1:none,1:none,,0.994,Turkey,2015
1401,3:low,3:low,,1,'Republic of Moldova',1990
1402,1:none,1:none,,1,Maldives,2010
1403,1:none,1:none,,1,Timor-Leste,1975
1404,1:none,1:none,,1,Djibouti,2010
1405,3:low,3:low,,1,Malta,1980
1406,1:none,1:none,,1,Uruguay,1975
1407,1:none,1:none,,1,Bhutan,1965
1408,1:none,1:none,,0.991,Netherlands,2015
1409,1:none,1:none,,1,Angola,1980
1410,1:none,1:none,,1,Grenada,1960
1411,1:none,1:none,,1,'Central African Republic',1960
1412,6:medium,6:medium,,1,Germany,2005
1413,1:none,1:none,,1,'Papua New Guinea',1965
1414,1:none,1:none,,1,'Equatorial Guinea',1985
1415,1:none,1:none,,1,Austria,1970
1416,1:none,1:none,,1,Timor-Leste,1985
1417,1:none,1:none,,1,Ireland,2005
1418,1:none,1:none,,1,Thailand,1960
1419,1:none,1:none,,1,Pakistan,1970
1420,1:none,1:none,,1,Congo,1985
1421,1:none,1:none,,1,Cameroon,1980
1422,1:none,1:none,,1,Slovenia,2005
1423,6:medium,6:medium,,0.993,Bahrain,2010
1424,2:alert,2:alert,,0.994,'Saudi Arabia',1970
1425,1:none,1:none,,1,Madagascar,2000
1426,1:none,1:none,,1,Chad,2015
1427,1:none,1:none,,1,Italy,1990
1428,1:none,1:none,,1,'Iran (Islamic Republic of)',1965
1429,5:high,5:high,,1,Tunisia,1995
1430,6:medium,6:medium,,1,Poland,1990
1431,1:none,1:none,,1,Ukraine,2005
1432,6:medium,6:medium,,1,'Iran (Islamic Republic of)',2015
1433,1:none,1:none,,1,Dominica,1960
1434,1:none,1:none,,1,Kenya,1985
1435,1:none,1:none,,1,Somalia,1960
1436,1:none,1:none,,1,Angola,1960
1437,1:none,1:none,,1,'Saint Vincent and the Grenadines',1960
1438,1:none,1:none,,1,Malaysia,1965
1439,1:none,1:none,,1,Brazil,2005
1440,3:low,3:low,,1,Armenia,1990
1441,1:none,1:none,,1,Grenada,2005
1442,1:none,1:none,,1,Guyana,1975
1443,1:none,1:none,,1,Congo,1970
1444,5:high,5:high,,1,'Iran (Islamic Republic of)',2005
1445,1:none,1:none,,1,Netherlands,1990
1446,1:none,1:none,,1,'United Kingdom',2010
1447,1:none,1:none,,1,Burundi,1995
1448,1:none,1:none,,1,Brazil,1985
1449,1:none,1:none,,1,Mali,1970
1450,1:none,1:none,,1,Chad,1990
1451,1:none,1:none,,1,'Brunei Darussalam',2005
1452,4:critical,4:critical,,0.999,Yemen,2005
1453,1:none,1:none,,1,Chile,1965
1454,1:none,1:none,,1,'Occupied Palestinian Territory',1985
1455,1:none,1:none,,1,Suriname,1965
1456,1:none,1:none,,1,Bhutan,1970
1457,1:none,1:none,,1,Iceland,1970
1458,1:none,1:none,,1,Zambia,2000
1459,2:alert,2:alert,,1,Israel,2015
1460,1:none,1:none,,1,Malawi,1990
1461,1:none,1:none,,0.997,Algeria,1965
1462,6:medium,6:medium,,1,Spain,2005
1463,1:none,1:none,,1,'Saint Lucia',2015
1464,1:none,1:none,,1,Honduras,1965
1465,1:none,1:none,,1,Angola,2015
1466,1:none,1:none,,1,Slovenia,1990
1467,4:critical,4:critical,,1,'United Arab Emirates',1995
1468,1:none,1:none,,1,Latvia,2010
1469,1:none,1:none,,1,'Dominican Republic',1960
1470,1:none,1:none,,1,Madagascar,1995
1471,4:critical,4:critical,,1,'Saudi Arabia',2005
1472,1:none,1:none,,0.998,Italy,1975
1473,3:low,6:medium,+,0.896,Denmark,1995
1474,1:none,1:none,,1,Congo,1980
1475,1:none,1:none,,1,Finland,2005
1476,1:none,1:none,,1,Lebanon,1960
1477,1:none,1:none,,1,Malawi,1960
1478,1:none,1:none,,1,Honduras,2000
1479,3:low,3:low,,1,Estonia,2010
1480,1:none,1:none,,1,Ghana,1975
1481,1:none,1:none,,1,Nicaragua,1975
1482,1:none,1:none,,1,'Democratic Republic of the Congo',2000
1483,1:none,1:none,,1,Mali,2005
1484,1:none,1:none,,1,'Central African Republic',1985
1485,1:none,1:none,,1,Maldives,1995
1486,1:none,1:none,,1,Argentina,2010
1487,3:low,3:low,,0.999,'Syrian Arab Republic',1990
1488,1:none,1:none,,1,Mauritania,2015
1489,3:low,3:low,,1,Japan,1980
1490,1:none,1:none,,1,Peru,1980
1491,1:none,1:none,,1,Ukraine,2015
1492,1:none,1:none,,1,Romania,2000
1493,1:none,1:none,,0.998,'Sri Lanka',1995
1494,1:none,1:none,,1,Swaziland,2005
1495,1:none,1:none,,1,Thailand,2010
1496,1:none,1:none,,1,'United Republic of Tanzania',1975
1497,1:none,1:none,,1,Latvia,1995
1498,1:none,1:none,,1,'South Sudan',2015
1499,1:none,1:none,,1,Sweden,2015
1500,1:none,1:none,,0.955,Kuwait,1960
1501,1:none,1:none,,1,'Trinidad and Tobago',1990
1502,1:none,1:none,,1,Mongolia,1970
1503,1:none,1:none,,1,China,1970
1504,1:none,1:none,,1,Lesotho,2015
1505,1:none,1:none,,1,Ethiopia,2000
1506,4:critical,4:critical,,1,'United Arab Emirates',1975
1507,1:none,1:none,,1,'Sri Lanka',1965
1508,3:low,3:low,,1,Estonia,2015
1509,1:none,1:none,,1,Suriname,1960
1510,1:none,1:none,,1,'Lao Peoples Democratic Republic',2000
1511,1:none,1:none,,1,'Papua New Guinea',1985
1512,1:none,1:none,,1,Guinea,1970
1513,1:none,1:none,,1,Malaysia,2005
1514,1:none,1:none,,1,Ghana,1995
1515,1:none,1:none,,1,Malawi,1980
1516,6:medium,4:critical,+,0.523,Yemen,1985
1517,4:critical,4:critical,,1,Egypt,1995
1518,1:none,1:none,,1,Mauritius,1980
1519,6:medium,6:medium,,0.999,Qatar,1965
1520,1:none,1:none,,0.98,Barbados,1965
1521,3:low,3:low,,1,France,1995
1522,1:none,1:none,,1,Serbia,2005
1523,1:none,1:none,,1,'United Republic of Tanzania',2005
1524,1:none,1:none,,1,Myanmar,2005
1525,1:none,1:none,,1,Guyana,1985
1526,1:none,1:none,,1,Norway,1960
1527,1:none,1:none,,1,Brazil,1995
1528,1:none,1:none,,1,Uruguay,1990
1529,3:low,3:low,,1,'Dominican Republic',2000
1530,1:none,1:none,,1,Greece,1995
1531,1:none,1:none,,1,'El Salvador',1970
1532,1:none,1:none,,1,Kenya,1965
1533,1:none,1:none,,1,'New Zealand',1975
1534,1:none,1:none,,1,'Sierra Leone',2015
1535,3:low,3:low,,1,'United States of America',2005
1536,1:none,1:none,,1,'Occupied Palestinian Territory',1990
1537,4:critical,4:critical,,1,Qatar,2010
1538,1:none,1:none,,1,'Venezuela (Bolivarian Republic of)',2005
1539,1:none,1:none,,1,Gambia,2000
1540,3:low,3:low,,1,'South Africa',2000
1541,1:none,1:none,,1,Dominica,2010
1542,1:none,1:none,,1,'Republic of Moldova',2005
1543,1:none,1:none,,1,Lesotho,1965
1544,1:none,1:none,,1,'United Kingdom',1990
1545,1:none,1:none,,1,'Costa Rica',1975
1546,1:none,1:none,,1,Cuba,1985
1547,1:none,1:none,,1,Colombia,1985
1548,5:high,5:high,,1,Sudan,2010
1549,1:none,1:none,,1,Bhutan,1980
1550,1:none,1:none,,1,'Dominican Republic',1965
1551,1:none,1:none,,1,Sweden,1960
1552,4:critical,4:critical,,1,Uzbekistan,1990
1553,1:none,1:none,,1,Zimbabwe,1965
1554,1:none,1:none,,1,Comoros,1995
1555,1:none,1:none,,1,Myanmar,1990
1556,1:none,1:none,,1,Ireland,1975
1557,1:none,1:none,,1,Honduras,1960
1558,1:none,1:none,,1,Chile,1975
1559,1:none,1:none,,1,'Costa Rica',1980
1560,4:critical,4:critical,,1,Qatar,1985
1561,1:none,1:none,,1,'Venezuela (Bolivarian Republic of)',1995
1562,1:none,1:none,,1,'United States of America',1975
1563,1:none,1:none,,1,'Sierra Leone',1970
1564,3:low,3:low,,1,Pakistan,1995
1565,1:none,1:none,,1,Mauritania,1990
1566,1:none,1:none,,1,Maldives,2000
1567,1:none,1:none,,1,Timor-Leste,1965
1568,1:none,1:none,,1,Malaysia,1975
1569,1:none,1:none,,1,Gabon,2015
1570,1:none,1:none,,1,Grenada,2010
1571,1:none,1:none,,1,Argentina,1980
1572,1:none,1:none,,1,Mongolia,2005
1573,1:none,1:none,,1,Guyana,1960
1574,1:none,1:none,,1,'Trinidad and Tobago',1985
1575,1:none,1:none,,1,'Bolivia (Plurinational State of)',2000
1576,1:none,1:none,,1,Fiji,2000
1577,1:none,1:none,,1,Slovakia,2005
1578,1:none,1:none,,1,Eritrea,2005
1579,6:medium,6:medium,,1,Morocco,1975
1580,1:none,1:none,,1,Senegal,1995
1581,1:none,1:none,,1,Sweden,1980
1582,4:critical,4:critical,,1,Turkmenistan,1995
1583,1:none,1:none,,1,Angola,2000
1584,1:none,1:none,,1,Dominica,1965
1585,1:none,1:none,,1,Comoros,2005
1586,1:none,1:none,,1,'Democratic Peoples Republic of Korea',1970
1587,1:none,1:none,,1,Mauritania,2005
1588,1:none,1:none,,1,Myanmar,2010
1589,3:low,3:low,,1,Turkey,2010
1590,1:none,1:none,,1,Turkey,1970
1591,5:high,5:high,,1,Algeria,2010
1592,1:none,1:none,,1,Bhutan,1990
1593,4:critical,4:critical,,1,Libya,1980
1594,1:none,1:none,,1,Djibouti,1980
1595,1:none,1:none,,1,Finland,2015
1596,1:none,1:none,,1,Austria,1965
1597,3:low,3:low,,1,China,2010
1598,1:none,1:none,,1,Indonesia,1980
1599,1:none,1:none,,1,Angola,1970
1600,1:none,1:none,,1,Brazil,1965
1601,1:none,1:none,,1,Germany,1975
1602,1:none,1:none,,1,Zimbabwe,1975
1603,1:none,1:none,,1,Seychelles,1975
1604,1:none,1:none,,1,Kenya,2015
1605,1:none,1:none,,1,'United States of America',1985
1606,1:none,1:none,,1,Guatemala,2010
1607,1:none,1:none,,1,Mali,2010
1608,1:none,1:none,,1,'Burkina Faso',1970
1609,3:low,3:low,,1,Cyprus,1975
1610,1:none,3:low,+,0.602,'Republic of Moldova',1995
1611,1:none,1:none,,1,Niger,2010
1612,1:none,1:none,,1,Bahrain,1970
1613,3:low,3:low,,0.969,India,1990
1614,1:none,1:none,,1,'South Africa',1960
1615,6:medium,6:medium,,0.836,Azerbaijan,2010
1616,1:none,1:none,,1,Monaco,2005
1617,1:none,1:none,,1,'United Kingdom',2000
1618,1:none,1:none,,1,Djibouti,2000
1619,1:none,1:none,,1,'Republic of Korea',1975
1620,1:none,1:none,,1,Argentina,2015
1621,1:none,1:none,,1,Liberia,1970
1622,6:medium,6:medium,,1,Tunisia,1980
1623,1:none,1:none,,1,Paraguay,2000
1624,1:none,1:none,,1,'Papua New Guinea',2005
1625,4:critical,4:critical,,0.959,Yemen,2015
1626,1:none,1:none,,1,'Puerto Rico',1975
1627,1:none,1:none,,1,Zambia,1975
1628,1:none,1:none,,1,Afghanistan,1960
1629,4:critical,4:critical,,1,'Saudi Arabia',2015
1630,1:none,1:none,,1,Argentina,1985
1631,1:none,1:none,,1,Germany,1980
1632,1:none,1:none,,1,Philippines,1960
1633,1:none,1:none,,1,Afghanistan,2005
1634,1:none,1:none,,1,Peru,1995
1635,1:none,1:none,,1,Kyrgyzstan,2010
1636,1:none,1:none,,1,Nepal,2005
1637,1:none,1:none,,1,Ethiopia,1995
1638,1:none,1:none,,1,'Burkina Faso',1975
1639,1:none,1:none,,1,Mauritius,1975
1640,1:none,1:none,,1,Cuba,1990
1641,1:none,1:none,,1,'Sierra Leone',1965
1642,1:none,1:none,,1,Congo,1965
1643,1:none,1:none,,1,Guatemala,1970
1644,3:low,3:low,,1,Kazakhstan,1990
1645,1:none,1:none,,1,Madagascar,1990
1646,1:none,1:none,,1,Swaziland,1995
1647,1:none,1:none,,1,Gambia,1960
1648,1:none,1:none,,1,Latvia,2005
1649,1:none,1:none,,1,Congo,1990
1650,1:none,1:none,,1,Comoros,1980
1651,1:none,1:none,,1,Guatemala,1990
1652,1:none,1:none,,1,Suriname,1980
1653,1:none,1:none,,1,Gabon,2010
1654,1:none,1:none,,1,Belarus,1990
1655,1:none,1:none,,1,Ireland,1990
1656,1:none,1:none,,1,Cameroon,2010
1657,1:none,1:none,,1,Gambia,1970
1658,1:none,1:none,,1,Jamaica,2010
1659,3:low,3:low,,0.996,Jordan,1970
1660,1:none,1:none,,1,Botswana,2010
1661,1:none,1:none,,1,Canada,1990
1662,1:none,1:none,,1,Mozambique,1960
1663,1:none,1:none,,1,Malta,1960
1664,1:none,1:none,,1,Guinea,1990
1665,1:none,1:none,,1,Guatemala,1985
1666,6:medium,6:medium,,1,'Republic of Korea',2000
1667,1:none,1:none,,1,Thailand,2000
1668,1:none,1:none,,1,'El Salvador',1985
1669,1:none,1:none,,1,'Democratic Republic of the Congo',2005
1670,1:none,1:none,,1,Cameroon,2015
1671,1:none,1:none,,1,'Viet Nam',1970
1672,3:low,3:low,,1,Czechia,2005
1673,1:none,1:none,,1,Uganda,2000
1674,1:none,1:none,,1,Mongolia,1965
1675,1:none,1:none,,1,Indonesia,1995
1676,1:none,1:none,,1,Lebanon,2015
1677,1:none,1:none,,1,Mauritius,1965
1678,1:none,1:none,,1,Mongolia,1985
1679,1:none,1:none,,1,Hungary,1985
1680,1:none,1:none,,1,'Puerto Rico',1960
1681,1:none,1:none,,1,Djibouti,1995
1682,1:none,1:none,,1,Egypt,1960
1683,1:none,1:none,,1,'United Kingdom',1980
1684,1:none,1:none,,1,'Equatorial Guinea',1960
1685,2:alert,2:alert,,0.994,Israel,2010
1686,1:none,1:none,,1,Lesotho,1995
1687,1:none,1:none,,1,Egypt,1965
1688,3:low,3:low,,1,'South Africa',1990
1689,1:none,1:none,,1,Zambia,1960
1690,1:none,1:none,,1,Malawi,1965
1691,1:none,1:none,,1,Fiji,1990
1692,1:none,1:none,,0.996,'Occupied Palestinian Territory',1995
1693,1:none,1:none,,1,'Equatorial Guinea',2005
1694,5:high,5:high,,1,'Iran (Islamic Republic of)',1995
1695,3:low,3:low,,0.991,'South Africa',2010
1696,1:none,1:none,,0.992,Zimbabwe,2015
1697,1:none,1:none,,1,'Burkina Faso',1960
1698,3:low,3:low,,1,Cyprus,1990
1699,1:none,1:none,,1,'Democratic Republic of the Congo',1990
1700,1:none,1:none,,1,Cambodia,1975
1701,1:none,1:none,,1,Namibia,1970
1702,1:none,1:none,,1,Colombia,2000
1703,1:none,1:none,,1,Montenegro,2005
1704,1:none,1:none,,1,'Saint Kitts and Nevis',1990
1705,1:none,1:none,,1,Romania,1970
1706,1:none,1:none,,1,Haiti,1960
1707,1:none,1:none,,1,'Brunei Darussalam',2010
1708,3:low,3:low,,1,'Iran (Islamic Republic of)',1990
1709,2:alert,2:alert,,1,Tajikistan,2000
1710,3:low,3:low,,1,Iraq,2015
1711,3:low,3:low,,1,Mauritius,1990
1712,1:none,1:none,,1,'Democratic Republic of the Congo',1960
1713,6:medium,6:medium,,1,India,2010
1714,1:none,1:none,,1,Albania,1970
1715,1:none,1:none,,1,Philippines,2000
1716,4:critical,4:critical,,1,Libya,2005
1717,1:none,1:none,,1,'Cote dIvoire',1980
1718,1:none,1:none,,1,Gambia,1995
1719,1:none,1:none,,1,Guatemala,1975
1720,4:critical,4:critical,,1,Jordan,1990
1721,1:none,1:none,,1,Cameroon,2000
1722,1:none,1:none,,1,Canada,1965
1723,1:none,1:none,,1,Panama,2000
1724,1:none,1:none,,1,Malawi,1985
1725,1:none,1:none,,1,Finland,1995
1726,1:none,1:none,,1,'Democratic Peoples Republic of Korea',1960
1727,6:medium,6:medium,,1,Armenia,1995
1728,1:none,1:none,,1,Liberia,2000
1729,1:none,1:none,,1,Mozambique,1970
1730,1:none,1:none,,1,Croatia,1995
1731,4:critical,4:critical,,1,Libya,1995
1732,3:low,3:low,,1,Bahrain,1980
1733,1:none,1:none,,1,Iceland,2005
1734,1:none,1:none,,1,'Democratic Peoples Republic of Korea',1975
1735,1:none,1:none,,1,'El Salvador',1975
1736,1:none,1:none,,1,Grenada,1965
1737,1:none,1:none,,1,Barbados,1975
1738,1:none,1:none,,1,Nigeria,1990
1739,1:none,1:none,,1,Albania,1985
1740,1:none,1:none,,1,Indonesia,1965
1741,1:none,1:none,,1,Chad,1995
1742,1:none,1:none,,1,Dominica,1985
1743,1:none,1:none,,1,Timor-Leste,2015
1744,1:none,1:none,,1,Suriname,1985
1745,3:low,3:low,,0.99,Poland,2000
1746,1:none,1:none,,1,Eritrea,1995
1747,1:none,1:none,,1,Thailand,1965
1748,3:low,3:low,,1,Yemen,1980
1749,1:none,1:none,,1,Mauritania,1980
1750,1:none,1:none,,1,Gabon,2005
1751,6:medium,6:medium,,1,Malta,1995
1752,1:none,1:none,,1,'United Kingdom',1970
1753,1:none,1:none,,1,Belize,2005
1754,1:none,1:none,,1,Brazil,1970
1755,4:critical,4:critical,,1,Libya,2000
1756,1:none,1:none,,1,'Saint Kitts and Nevis',1965
1757,3:low,3:low,,1,France,2000
1758,1:none,1:none,,1,Togo,1980
1759,1:none,1:none,,1,Mozambique,2015
1760,1:none,1:none,,1,Guinea,1960
1761,1:none,1:none,,1,Niger,1960
1762,1:none,1:none,,1,'Democratic Republic of the Congo',2010
1763,1:none,1:none,,1,Bangladesh,1960
1764,2:alert,2:alert,,0.995,Yemen,1995
1765,1:none,1:none,,1,'United Kingdom',1960
1766,1:none,1:none,,0.997,India,1995
1767,1:none,1:none,,1,'Republic of Moldova',2015
1768,3:low,3:low,,1,China,1985
1769,1:none,1:none,,1,Guyana,1990
1770,1:none,1:none,,1,Peru,1965
1771,1:none,1:none,,0.997,France,1975
1772,1:none,1:none,,1,Uganda,2015
1773,1:none,1:none,,1,Seychelles,1995
1774,1:none,1:none,,1,'Cabo Verde',1965
1775,1:none,1:none,,1,Cambodia,2015
1776,1:none,1:none,,1,Botswana,1965
1777,6:medium,6:medium,,1,Kyrgyzstan,2005
1778,1:none,1:none,,1,Nepal,1990
1779,3:low,3:low,,1,Azerbaijan,1990
1780,1:none,1:none,,1,Senegal,2000
1781,1:none,1:none,,1,'Cote dIvoire',2015
1782,6:medium,6:medium,,1,Azerbaijan,1995
1783,4:critical,4:critical,,1,'Saudi Arabia',1990
1784,1:none,1:none,,1,Uganda,1990
1785,1:none,1:none,,1,Georgia,1995
1786,3:low,3:low,,0.995,Bulgaria,1965
1787,3:low,3:low,,1,Poland,2010
1788,1:none,1:none,,1,Madagascar,1965
1789,1:none,1:none,,1,'New Zealand',1995
1790,1:none,1:none,,1,Cambodia,1995
1791,1:none,1:none,,1,Ecuador,2015
1792,1:none,1:none,,1,Gambia,1965
1793,1:none,1:none,,1,'Cote dIvoire',1995
1794,1:none,1:none,,1,Luxembourg,2015
1795,1:none,1:none,,1,Oman,1965
1796,1:none,1:none,,1,Austria,1980
1797,3:low,3:low,,1,Zimbabwe,2000
1798,1:none,1:none,,1,Comoros,1990
1799,1:none,1:none,,1,Sweden,1970
1800,1:none,1:none,,0.991,Tunisia,1960
1801,1:none,1:none,,1,Mauritania,1960
1802,1:none,1:none,,1,Dominica,1990
1803,1:none,1:none,,1,'Viet Nam',2015
1804,1:none,1:none,,1,'Central African Republic',1975
1805,1:none,1:none,,1,'Occupied Palestinian Territory',2010
1806,3:low,3:low,,1,Cyprus,2000
1807,1:none,1:none,,1,Malta,1965
1808,1:none,1:none,,1,'Trinidad and Tobago',1970
1809,1:none,1:none,,1,'Cote dIvoire',1990
1810,1:none,1:none,,1,Nepal,1980
1811,4:critical,4:critical,,1,Yemen,2000
1812,1:none,1:none,,1,Benin,2005
1813,1:none,1:none,,1,'Venezuela (Bolivarian Republic of)',1975
1814,1:none,1:none,,1,Mauritania,1985
1815,1:none,1:none,,1,Maldives,1980
1816,1:none,1:none,,1,'Trinidad and Tobago',1975
1817,1:none,1:none,,1,'Cote dIvoire',1975
1818,1:none,1:none,,1,'Saint Lucia',2010
1819,1:none,1:none,,1,Honduras,1995
1820,3:low,3:low,,0.994,'Puerto Rico',2010
1821,1:none,1:none,,1,Mali,1975
1822,1:none,1:none,,1,Singapore,1965
1823,1:none,1:none,,1,Gabon,1995
1824,4:critical,4:critical,,1,Egypt,2010
1825,1:none,1:none,,1,Luxembourg,1980
1826,1:none,1:none,,1,Romania,1995
1827,1:none,1:none,,1,'Central African Republic',1995
1828,1:none,1:none,,1,Botswana,2000
1829,1:none,1:none,,1,Austria,1990
1830,1:none,1:none,,1,Hungary,1965
1831,3:low,3:low,,0.999,Tajikistan,2015
1832,1:none,1:none,,1,Bangladesh,1980
1833,1:none,1:none,,1,'Antigua and Barbuda',1965
1834,5:high,5:high,,1,'United Arab Emirates',1965
1835,1:none,1:none,,1,Lithuania,2000
1836,1:none,1:none,,1,'Brunei Darussalam',1990
1837,1:none,1:none,,1,Canada,1970
1838,1:none,1:none,,1,'Venezuela (Bolivarian Republic of)',1985
1839,1:none,1:none,,1,Congo,1975
1840,1:none,1:none,,1,Bangladesh,1990
1841,1:none,1:none,,1,'Venezuela (Bolivarian Republic of)',1990
1842,1:none,1:none,,1,Cambodia,1985
1843,2:alert,2:alert,,0.997,Armenia,2015
1844,5:high,5:high,,1,Jordan,1995
1845,1:none,1:none,,1,Uganda,2005
1846,1:none,1:none,,1,Romania,1990
1847,3:low,3:low,,1,'United States of America',1990
1848,6:medium,6:medium,,1,'Dominican Republic',2010
1849,1:none,1:none,,1,Ghana,1985
1850,3:low,3:low,,1,Philippines,2005
1851,1:none,1:none,,1,Ghana,2010
1852,1:none,1:none,,1,Hungary,2000
1853,3:low,3:low,,1,Somalia,2000
1854,1:none,1:none,,1,Malawi,1970
1855,1:none,1:none,,1,Greece,2010
1856,1:none,1:none,,1,Netherlands,2000
1857,1:none,1:none,,1,Philippines,1995
1858,1:none,1:none,,1,Lesotho,1985
1859,1:none,1:none,,1,'Papua New Guinea',2010
1860,1:none,1:none,,1,Ethiopia,2005
1861,1:none,1:none,,1,'Sierra Leone',2000
1862,1:none,1:none,,1,'Viet Nam',2010
1863,1:none,1:none,,1,Jamaica,1960
1864,4:critical,4:critical,,1,Jordan,2005
1865,1:none,1:none,,1,Nigeria,2015
1866,1:none,1:none,,1,Italy,1965
1867,1:none,1:none,,1,Belarus,2015
1868,1:none,1:none,,1,Suriname,1975
1869,3:low,3:low,,1,'United States of America',2010
1870,1:none,1:none,,1,'Brunei Darussalam',1965
1871,1:none,1:none,,1,Norway,1985
1872,1:none,1:none,,1,Austria,1985
1873,1:none,1:none,,1,Ecuador,1965
1874,1:none,1:none,,1,Swaziland,1990
1875,1:none,1:none,,1,Canada,2000
1876,1:none,1:none,,1,Mali,1995
1877,1:none,1:none,,1,Swaziland,1985
1878,4:critical,4:critical,,1,Kuwait,1980
1879,1:none,1:none,,1,Senegal,1980
1880,1:none,1:none,,1,'Cabo Verde',2015
1881,3:low,3:low,,0.998,Bulgaria,1975
1882,1:none,1:none,,1,'Equatorial Guinea',1970
1883,4:critical,4:critical,,1,Libya,2015
1884,1:none,1:none,,1,Colombia,1980
1885,1:none,1:none,,1,'Saint Vincent and the Grenadines',1995
1886,1:none,1:none,,1,Belize,1960
1887,1:none,1:none,,1,'Burkina Faso',2015
1888,3:low,3:low,,0.999,'South Africa',1995
1889,1:none,1:none,,1,Malaysia,2000
1890,3:low,3:low,,1,China,1980
1891,4:critical,4:critical,,1,'United Arab Emirates',2000
1892,4:critical,4:critical,,1,Bulgaria,1980
1893,1:none,1:none,,1,Lesotho,2010
1894,1:none,1:none,,1,Australia,1975
1895,1:none,1:none,,1,'Lao Peoples Democratic Republic',1975
1896,1:none,1:none,,1,Jamaica,1990
1897,1:none,1:none,,1,'Democratic Republic of the Congo',1970
1898,2:alert,2:alert,,0.98,Libya,1960
1899,1:none,1:none,,1,Rwanda,1975
1900,1:none,1:none,,1,Lebanon,1965
1901,1:none,1:none,,1,Finland,1985
1902,1:none,1:none,,1,Romania,1985
1903,1:none,1:none,,1,'Equatorial Guinea',1995
1904,6:medium,6:medium,,1,Bulgaria,1995
1905,1:none,1:none,,1,Nicaragua,2000
1906,1:none,1:none,,1,Portugal,1980
1907,1:none,1:none,,1,Greece,2005
1908,1:none,1:none,,1,Nicaragua,2005
1909,1:none,1:none,,1,'Papua New Guinea',1995
1910,3:low,3:low,,1,Egypt,1980
1911,1:none,1:none,,1,'Central African Republic',1980
1912,6:medium,6:medium,,1,Azerbaijan,2000
1913,5:high,5:high,,0.988,Yemen,2010
1914,1:none,1:none,,1,Nigeria,1980
1915,3:low,3:low,,1,Japan,2000
1916,1:none,1:none,,1,Uganda,1985
1917,1:none,1:none,,1,'Central African Republic',2005
1918,1:none,1:none,,1,Afghanistan,1995
1919,3:low,3:low,,1,Algeria,1975
1920,4:critical,4:critical,,1,'Syrian Arab Republic',1995
1921,1:none,1:none,,1,Ireland,1995
1922,1:none,1:none,,1,Cyprus,1960
1923,1:none,1:none,,1,Guyana,1995
1924,3:low,3:low,,0.993,Bahrain,1995
1925,1:none,1:none,,1,Nicaragua,1970
1926,1:none,1:none,,1,Romania,1965
1927,1:none,1:none,,1,Somalia,1975
1928,1:none,1:none,,1,Belize,1965
1929,1:none,1:none,,1,Georgia,2010
1930,1:none,1:none,,1,'Sierra Leone',1990
1931,2:alert,5:high,+,0.988,Tunisia,2015
1932,1:none,1:none,,1,'Democratic Peoples Republic of Korea',1980
1933,1:none,1:none,,1,'El Salvador',2005
1934,1:none,1:none,,1,Ecuador,1990
1935,1:none,1:none,,1,'Cote dIvoire',1985
1936,1:none,1:none,,0.994,Yemen,1970
1937,1:none,1:none,,1,'Equatorial Guinea',1965
1938,1:none,1:none,,1,Finland,1970
1939,6:medium,6:medium,,1,Bulgaria,2000
1940,1:none,1:none,,1,Angola,1990
1941,1:none,1:none,,1,Ireland,2000
1942,1:none,1:none,,1,Niger,1965
1943,1:none,1:none,,1,'Viet Nam',2000
1944,3:low,3:low,,1,India,1980
1945,1:none,1:none,,1,Indonesia,1990
1946,1:none,1:none,,1,'Viet Nam',1990
1947,6:medium,6:medium,,1,Germany,1995
1948,1:none,1:none,,1,Botswana,1990
1949,1:none,1:none,,1,Belgium,1965
1950,1:none,1:none,,1,Nigeria,1960
1951,1:none,1:none,,1,Grenada,1995
1952,1:none,1:none,,1,Gambia,1985
1953,6:medium,6:medium,,1,Iraq,1985
1954,1:none,1:none,,1,Guatemala,1995
1955,1:none,1:none,,1,Guyana,2000
1956,5:high,5:high,,1,Tunisia,2000
1957,3:low,2:alert,+,0.624,Morocco,2005
1958,1:none,1:none,,1,Cambodia,1980
1959,3:low,3:low,,1,Denmark,1965
1960,1:none,1:none,,1,Luxembourg,1990
1961,1:none,1:none,,1,'United Republic of Tanzania',1990
1962,1:none,1:none,,1,Madagascar,2010
1963,1:none,3:low,+,0.725,Italy,1995
1964,1:none,1:none,,1,Mauritania,1970
1965,1:none,1:none,,1,'New Zealand',2000
1966,1:none,1:none,,1,Gambia,2005
1967,1:none,1:none,,1,Kenya,1990
1968,1:none,1:none,,1,'Sierra Leone',1960

